intake_id,symbol,source_case,decision_date,direction,primary_pattern,internal_label,contract_branch,intake_state,contract_frozen,event_state,trigger_evidence,structural_stop_evidence,first_obstacle_evidence,space_evidence,lineage_evidence,missing_fields,freeze_recommendation
ABC-NFLX-L1-20250328,NFLX,research/nflx_bearish_abc_l1_no_gap_space_2025-02-14_2025-03-28.md,2025-03-28,short,ABC_CONT,L1,branch_choice_pending,candidate_pending,no,earnings_filter_passed,below 96.63664,100.8-101.2 above B high 99.87,90.10 first support,1.4R-1.9R rough,same Daily ABC lineage,unique_order_branch;exact_entry_fill;exact_structural_stop;target_price;max_hold_bars;canonical_fill_exit_result;canonical_realized_R;label_source;daily_context_window_>=2y;major_high_low_review;ema20_50_200_review;daily_ema20_slope;daily_ema50_slope;h_l_ema_slope_gate;h_l_pullback_location;meta_confluence;meta_zone;meta_components;lineage_id,manual freeze review only;choose stop or close-confirm branch before replay
ABC-TSM-L1-20250326,TSM,research/tsm_bearish_abc_l1_gap_reprice_space_2025-02-14_2025-03-28.md,2025-03-26,short,ABC_CONT,L1,reprice_branch_choice_pending,candidate_pending,no,earnings_filter_passed,176.66 accepted-open or later 15m confirmation,181.0-181.5 above B high 180.30,167.99 first support,1.6R-2.5R rough for reprice,same Daily ABC lineage,unique_reprice_branch;exact_entry_fill;exact_structural_stop;target_price;max_hold_bars;gap_policy;canonical_fill_exit_result;canonical_realized_R;label_source;daily_context_window_>=2y;major_high_low_review;ema20_50_200_review;daily_ema20_slope;daily_ema50_slope;h_l_ema_slope_gate;h_l_pullback_location;meta_confluence;meta_zone;meta_components;lineage_id,manual freeze review only;choose accepted-open or 15m-confirm reprice branch before replay
ABC-V-H2-20240515,V,research/v_bullish_abc_h2_no_gap_first_obstacle_boundary_2024-05-06_2024-05-17.md,2024-05-15,long,ABC_CONT,H2,branch_choice_pending,boundary_first_obstacle,no,earnings_context_pending,above 273.338 15m research trigger,below 269.15 B low,276.89-277.72 first resistance,0.85R-1.05R rough,same ABC lineage but contract branch is low-cycle,unique_order_branch;exact_entry_fill;exact_structural_stop;target_price;max_hold_bars;canonical_fill_exit_result;label_source;daily_context_window_>=2y;major_high_low_review;ema20_50_200_review;daily_ema20_slope;daily_ema50_slope;h_l_ema_slope_gate;h_l_pullback_location;meta_confluence;meta_zone;meta_components;lineage_id,retain as boundary;do not use as clean >=1R ABC baseline
ABC-NVDA-H2-20240924,NVDA,research/nvda_bullish_h2_60m_conditional_2024-09-11_2024-09-25.md,2024-09-24,long,ABC_CONT,H2,branch_choice_pending,boundary_dual_stop,no,event_check_pending,above 116.81,112.5 wide or 114.8 low-cycle branch,120.6-121.6 first resistance,0.9R wide or 1.9R low-cycle,same ABC lineage;low-cycle contract separate,unique_selected_thesis;exact_order_branch;exact_entry_fill;exact_structural_stop;target_price;max_hold_bars;event_closure;canonical_fill_exit_result;label_source;daily_context_window_>=2y;major_high_low_review;ema20_50_200_review;daily_ema20_slope;daily_ema50_slope;h_l_ema_slope_gate;h_l_pullback_location;meta_confluence;meta_zone;meta_components;lineage_id,manual freeze only after choosing one thesis;do not mix daily and low-cycle contracts
ABC-KLAC-H2-20250603,KLAC,research/klac_h2_case_study_2025-05-07_2025-06-03.md,2025-06-03,long,ABC_CONT,H2,branch_choice_pending,candidate_pending,no,event_context_pending,above 75.90 with 2025-06-03 15m follow-through,72.00 below repeated support,79.03-79.79 first resistance,0.8R-1.0R rough daily;low-cycle branch separate,same ABC/H2 episode;existing H/L frozen asset must not be reused,exact_order_branch;exact_entry_fill;exact_structural_stop;target_price;max_hold_bars;event_source;daily_context_window_>=2y;major_high_low_review;ema20_50_200_review;daily_ema20_slope;daily_ema50_slope;h_l_ema_slope_gate;h_l_pullback_location;meta_confluence;meta_zone;meta_components;lineage_id;canonical_fill_exit_result,manual freeze review only;do not convert H/L contract;daily space borderline
ABC-CRWD-H2-20241003,CRWD,research/crwd_bullish_h2_deep_b_late_stabilization_2024-09-11_2024-10-11.md,2024-10-03,long,ABC_CONT,H2,branch_choice_pending,candidate_pending,no,event_context_pending,above 70.54 or later 15m close confirmation,67.4-67.8 below B low 68.17,75.11-75.54 first resistance,1.5R-1.9R rough depending branch and stop,same ABC/H2 episode;not H/L replay,exact_order_branch;exact_entry_fill;exact_structural_stop;target_price;max_hold_bars;event_and_incident_closure;daily_context_window_>=2y;major_high_low_review;ema20_50_200_review;daily_ema20_slope;daily_ema50_slope;h_l_ema_slope_gate;h_l_pullback_location;meta_confluence;meta_zone;meta_components;lineage_id;canonical_fill_exit_result,highest-priority long freeze candidate;manual review only;do not replay yet
BOP-TSLA-20250304-284,TSLA,research/tsla_abc_playbook_2025-03-04_284_retest.md,2025-03-04,short,BOP,none,limit_retest,boundary_same_session_retest,no,event_filter_pending,283.8-284.3 retest zone,above 304 structural invalidation,261.84-262.24 first support,about 1.1R rough,same larger episode but not a clean multiday retest,multiday retest;exact event verification;max_hold_bars;machine-readable result,keep as BOP single-session boundary;not a multiday BOP baseline
BOP-TSLA-20250911,TSLA,research/tsla_h1_h2_bop_followup_2025-09-08_2025-09-12.md,2025-09-11,long,BOP,none,limit_retest,boundary_intraday_retest,no,event_context_pending,breakout acceptance and same-session retest described in source,not frozen in source,not frozen in source,unknown,same episode as source case but no multiday role-retest contract,multiday retest;numeric stop;first obstacle;event source;frozen result,retain as breakout-acceptance boundary;do not replay as multiday BOP
BOP-UNIFIED-NKE-20251028,NKE,research/nke_bearish_abc_minor_gap_boundary_2025-10-03_2025-10-29.md,2025-10-28,short,BOP,none,limit_retest,boundary_same_session_retest,no,event_context_pending,66.78 source sell-stop was opening-skipped;intraday return described,not frozen in source,first support about 1.2R rough,unknown,ABC/L1 episode;not independent BOP lineage,exact role-reversal contract;event closure;max_hold_bars;machine-readable result,retain as gap/limit boundary;not a clean BOP contract
BOP-WMT-20240627,WMT,research/wmt_bullish_h1_gap_pullback_boundary_2024-06-24_2024-06-27.md,2024-06-27,long,BOP,none,gap_reprice,visual_boundary,no,event_context_pending,not frozen,67.47-67.61 source structural area,first obstacle borderline,unknown,role conversion not frozen,exact trigger;retest hold;event source;max_hold_bars;machine-readable result,do not freeze until role-reversal and retest are independently reconstructed
