intake_id,symbol,source_case,decision_date,direction,classification,bop_state,old_boundary_evidence,breakout_acceptance_evidence,retest_class,role_reversal_evidence,order_branch,intake_state,contract_frozen,event_state,first_obstacle_evidence,space_evidence,lineage_evidence,missing_fields,freeze_recommendation
BOP-TSLA-ACCEPT-20250911,TSLA,research/tsla_h1_h2_bop_followup_2025-09-08_2025-09-12.md,2025-09-11,long,acceptance_candidate,breakout_acceptance,355.39-357.54 major resistance,strong Daily close outside with 15m follow-through,intraday-only,15m pullback held above old resistance,stop_confirmation_or_market_close,boundary_candidate,no,earnings_filter_passed,first_obstacle_not_frozen,space_not_frozen,source episode only;no canonical lineage,structural_stop;first_obstacle;target_price;max_hold_bars;actual_fill;daily_context_>=2y;major_high_low_review;ema20_50_200_review;lineage_id;result,do_not_replay;acceptance-only;not_multi_day_BOP
BOP-TSLA-RETEST-20250304,TSLA,research/tsla_abc_playbook_2025-03-04_284_retest.md,2025-03-04,short,single_session_retest,breakout_pullback,283.8-284.3 prior close and reversal zone,gap-and-go followed by same-day return to old zone,single-session,old support acted as resistance during same-day retest,limit_retest,boundary_candidate,no,event_context_pending,261.84-262.24 first support,about 1.1R rough,same episode as ABC/L1;not independent BOP lineage,multi_day_retest;event_closure;exact_fill;structural_stop;target_price;max_hold_bars;daily_context_>=2y;major_high_low_review;ema20_50_200_review;result,do_not_replay;single-session-only;not_multi_day_BOP
BOP-VRT-20260417,VRT,research/vrt_bullish_abc_h1_deep_b_first_obstacle_boundary_2026-04-14_2026-04-20.md,2026-04-17,long,gap_boundary,gap_event,no independent role-reversal boundary frozen,strong gap impulse A and low-cycle recovery described,not-occurred,role conversion not independently established,gap_reprice_or_stop,boundary_candidate,no,event_context_pending,310.94-312.40 first resistance,about 0.42R,gap-impulse ABC/H1 episode;no BOP lineage,multi_day_acceptance;multi_day_retest;role_reversal;event_closure;exact_fill;structural_stop;target_price;max_hold_bars;daily_context_>=2y;major_high_low_review;ema20_50_200_review;result,do_not_replay;not_BOP_baseline;event_and_space_boundary
BOP-NKE-20251028,NKE,research/nke_bearish_abc_minor_gap_boundary_2025-10-03_2025-10-29.md,2025-10-28,short,single_session_retest,role_reversal_watch,66.78 prior low as resistance candidate,minor-gap recovery and intraday return described,single-session,old low may act as resistance but no multi-day hold,limit_retest,boundary_candidate,no,event_context_pending,63.48 first support,about 1.2R rough,ABC/L1 episode;not independent BOP lineage,multi_day_acceptance;multi_day_retest;event_closure;exact_fill;structural_stop;target_price;max_hold_bars;daily_context_>=2y;major_high_low_review;ema20_50_200_review;result,do_not_replay;ABC_L1_boundary;not_multi_day_BOP
BOP-GOOGL-20240318,GOOGL,research/googl_bullish_h1_gap_trigger_boundary_2024-03-04_2024-03-22.md,2024-03-18,long,gap_boundary,gap_event,141.92 original trigger and prior range,open skipped original buy-stop;no acceptance/retest,not-occurred,no role reversal because price did not return to old range,opening_reprice,boundary_candidate,no,event_context_pending,near resistance crowded,space_not_positive,H1-like episode;no BOP lineage,multi_day_acceptance;multi_day_retest;role_reversal;event_closure;exact_fill;structural_stop;target_price;max_hold_bars;daily_context_>=2y;major_high_low_review;ema20_50_200_review;result,do_not_replay;retest-not-occurred;gap-boundary
BOP-WMT-20240626,WMT,research/wmt_bullish_h1_gap_pullback_boundary_2024-06-24_2024-06-27.md,2024-06-26,long,gap_boundary,gap_event,66.19 trigger and 67.47-67.61 prior high area,deep gap pullback recovery but acceptance/role conversion not frozen,not-occurred,no independent limit-retest frozen,stop_confirmation_or_gap_reprice,boundary_candidate,no,event_context_pending,67.47-67.61 first resistance,about 1R borderline,H1-like episode;no BOP lineage,multi_day_acceptance;multi_day_retest;role_reversal;event_closure;exact_fill;structural_stop;target_price;max_hold_bars;daily_context_>=2y;major_high_low_review;ema20_50_200_review;result,do_not_replay;role-conversion-boundary;not_multi_day_BOP
BOP-BKNG-20240614,BKNG,research/bkng_bullish_h2_gap_trigger_boundary_2024-06-12_2024-06-18.md,2024-06-14,long,gap_boundary,gap_event,152.05 original trigger and 153.96 resistance,open skipped original buy-stop;no wide-space retest contract,not-occurred,no role reversal frozen,opening_reprice,boundary_candidate,no,event_context_pending,153.96 first resistance,about 0.5R actual,H2-like episode;no BOP lineage,multi_day_acceptance;multi_day_retest;role_reversal;event_closure;exact_fill;structural_stop;target_price;max_hold_bars;daily_context_>=2y;major_high_low_review;ema20_50_200_review;result,do_not_replay;original-order-no-trade;not_multi_day_BOP
BOP-QCOM-20240724,QCOM,research/qcom_bearish_abc_l1_l2_gap_sector_boundary_2024-07-17_2024-07-30.md,2024-07-24,short,opening_reprice_boundary,gap_event,184.14 ideal trigger and 178.01 first support,open reprice reduced space;no effective retest documented,not-occurred,no role reversal frozen,opening_reprice,boundary_candidate,no,earnings_window_invalid,178.01 or 166.04 support by branch,about 0.48R actual L1 and 0.87R L2,ABC/L1/L2 episode;not independent BOP lineage,multi_day_acceptance;multi_day_retest;role_reversal;event_closure;exact_fill;structural_stop;target_price;max_hold_bars;daily_context_>=2y;major_high_low_review;ema20_50_200_review;result,do_not_replay;earnings-window-invalid;opening-reprice-boundary
BOP-JPM-20250905,JPM,research/jpm_bullish_h1_first_obstacle_failure_2025-08-22_2025-09-05.md,2025-09-05,long,obstacle_boundary,failed_breakout_watch,297.26 prior high and first resistance,open crossed trigger then failed to follow;no accepted BOP close,not-occurred,no role reversal or re-departure,opening_reprice,valid_no_trade_boundary,no,event_context_pending,297.26 first resistance,about 0.39R,H1-like episode;no BOP lineage,multi_day_acceptance;multi_day_retest;role_reversal;exact_fill;structural_stop;target_price;max_hold_bars;daily_context_>=2y;major_high_low_review;ema20_50_200_review;result,do_not_replay;first-obstacle-blocked;not_BOP_baseline
BOP-KLAC-20251024,KLAC,research/klac_h1_case_study_2025-10-14_2025-10-24.md,2025-10-24,long,acceptance_without_retest,breakout_acceptance,115.63 prior high,first Daily acceptance only after prior failed close;no later return to boundary,not-occurred,retest not yet observed,stop_confirmation_or_market_close,boundary_candidate,no,event_context_pending,115.49-115.63 first resistance,about 1.3R but strict obstacle boundary,H1 episode;future BOP branch not yet independent,multi_day_retest;role_reversal_hold;event_closure;exact_fill;structural_stop;target_price;max_hold_bars;daily_context_>=2y;major_high_low_review;ema20_50_200_review;result,do_not_replay;acceptance-only;no_retest
BOP-META-20241011,META,research/meta_bullish_h1_h2_visual_candidate_2024-09-11_2024-10-11.md,2024-10-11,long,not_bop_nested,not_bop,593.4 resistance cluster,no acceptance above boundary,not-occurred,no BOP role reversal,observation_only,observation_only,no,event_context_pending,593.4 resistance cluster,first obstacle crowded,H1/H2 nested episode;not BOP,multi_day_acceptance;multi_day_retest;role_reversal;event_closure;exact_fill;structural_stop;target_price;max_hold_bars;daily_context_>=2y;major_high_low_review;ema20_50_200_review;result,do_not_replay;H1_H2_boundary;not_BOP
BOP-TSLA-HL-20250905,TSLA,research/tsla_h1_h2_case_study_2025-08-28_2025-09-05.md,2025-09-05,long,not_bop_hl,not_bop,343.33 prior high,15m reaction and same-day retest;no Daily BOP acceptance,intraday-only,H1/H2 reaction rather than role reversal,observation_only,valid_no_trade_boundary,no,earnings_filter_passed,343.33 first resistance,about 0.59R,H1/H2 episode;separate from later TSLA BOP,multi_day_acceptance;multi_day_retest;role_reversal;exact_fill;structural_stop;target_price;max_hold_bars;daily_context_>=2y;major_high_low_review;ema20_50_200_review;result,do_not_replay;H1_H2_boundary;not_BOP
BOP-TSLA-RANGE-20250508,TSLA,research/tsla_range_after_sell_climax_2025-03-11_2025-05-13.md,2025-05-08,long,range_edge_boundary,range_edge,285-307 parent range upper edge,conditional breakout discussion only;no accepted BOP sequence,not-occurred,role conversion and order not rebuilt,observation_only,observation_only,no,event_context_pending,first obstacle not rebuilt,unknown,parent range episode;not ABC/BOP lineage,multi_day_acceptance;multi_day_retest;role_reversal;exact_fill;structural_stop;target_price;max_hold_bars;daily_context_>=2y;major_high_low_review;ema20_50_200_review;result,do_not_replay;range-boundary;not_BOP_baseline
BOP-TSLA-DEEP-20260520,TSLA,research/tsla_h1_h2_case_study_2026-05-15_2026-05-22.md,2026-05-20,long,not_bop_reversal,not_bop,no prior boundary role conversion;deep support area,deep support reversal and strong recovery;not BOP acceptance,not-occurred,support reversal rather than breakout role reversal,observation_only,valid_no_trade_boundary,no,earnings_filter_passed_reaudit,first resistance near,about 0.72R,H1/H2 deep-pullback episode;not BOP,multi_day_acceptance;multi_day_retest;role_reversal;exact_fill;structural_stop;target_price;max_hold_bars;daily_context_>=2y;major_high_low_review;ema20_50_200_review;result,do_not_replay;deep-pullback-reversal;not_BOP
BOP-TSLA-LATE-20251212,TSLA,research/tsla_h1_h2_case_study_2025-12-08_2025-12-12.md,2025-12-12,long,not_bop_late_trend,not_bop,467-474 prior high cluster,no accepted breakout above the cluster,intraday-only,no role reversal frozen,observation_only,valid_no_trade_boundary,no,event_context_pending,467-474 first resistance,less than 0.2R,H2-like late-trend episode;not BOP,multi_day_acceptance;multi_day_retest;role_reversal;exact_fill;structural_stop;target_price;max_hold_bars;daily_context_>=2y;major_high_low_review;ema20_50_200_review;result,do_not_replay;late-trend-first-obstacle;not_BOP
