Symbol,Date,Open,High,Low,Close,Volume
CRWD,2022-10-03,41.657501,42.672501,40.972500,42.327499,10248800
CRWD,2022-10-04,43.645000,44.672501,43.250000,43.767502,11225200
CRWD,2022-10-05,42.752499,44.584999,42.587502,44.174999,8504400
CRWD,2022-10-06,44.605000,45.459999,44.157501,44.597500,10627600
CRWD,2022-10-07,43.610001,43.805000,42.582500,42.970001,10367200
CRWD,2022-10-10,42.935001,43.115002,40.072498,40.270000,14010800
CRWD,2022-10-11,39.680000,40.125000,37.937500,38.947498,13704800
CRWD,2022-10-12,38.580002,38.945000,37.375000,38.247501,12282000
CRWD,2022-10-13,36.362999,38.856499,35.590000,38.150002,14313200
CRWD,2022-10-14,38.937500,39.134998,36.456249,36.494999,15993200
CRWD,2022-10-17,37.337502,38.509998,37.000000,37.902500,12991200
CRWD,2022-10-18,39.314999,40.375000,38.699249,39.220001,14843200
CRWD,2022-10-19,38.852501,39.252499,37.852501,38.134998,8131200
CRWD,2022-10-20,38.025002,39.612251,38.025002,38.470001,8371200
CRWD,2022-10-21,38.122501,39.262501,37.147251,39.080002,10774400
CRWD,2022-10-24,39.527500,39.674999,38.555000,39.492500,8219600
CRWD,2022-10-25,39.805000,41.167500,39.802502,40.527500,8500400
CRWD,2022-10-26,39.512501,41.839748,39.197498,40.442501,9435600
CRWD,2022-10-27,41.187500,42.032501,40.512501,41.182499,9143200
CRWD,2022-10-28,40.637501,41.244999,39.715000,40.912498,7490800
CRWD,2022-10-31,40.404999,41.202499,39.900002,40.299999,8760800
CRWD,2022-11-01,41.250000,42.119999,39.884998,40.132500,10324000
CRWD,2022-11-02,40.250000,40.292500,36.985001,36.997501,17731200
CRWD,2022-11-03,36.535000,36.535000,34.917500,35.382500,16001200
CRWD,2022-11-04,35.240002,35.292500,31.605000,31.889999,32994000
CRWD,2022-11-07,32.457500,32.474998,30.725000,31.170000,21655600
CRWD,2022-11-08,31.500000,32.457500,30.125000,31.750000,18299200
CRWD,2022-11-09,31.137501,31.155001,30.125000,30.590000,14873600
CRWD,2022-11-10,33.122501,34.023750,32.669998,33.939999,20918000
CRWD,2022-11-11,34.187500,36.206749,33.834999,35.779999,18480800
CRWD,2022-11-14,35.387501,36.032501,34.572498,35.502499,12174800
CRWD,2022-11-15,37.247501,37.856251,36.507500,37.075001,15868400
CRWD,2022-11-16,36.676250,36.907501,35.523251,35.912498,10158000
CRWD,2022-11-17,34.904999,35.342499,34.467499,34.807499,15709600
CRWD,2022-11-18,36.626251,36.680000,34.299999,34.747501,21619600
CRWD,2022-11-21,34.277500,34.377499,33.595001,33.889999,11548800
CRWD,2022-11-22,33.955002,34.077499,33.119999,33.950001,15404800
CRWD,2022-11-23,33.895000,35.404999,33.459999,35.222500,10312400
CRWD,2022-11-25,34.962502,35.342499,34.630001,35.012501,4090000
CRWD,2022-11-28,34.919998,35.250000,34.165249,34.862499,13528800
CRWD,2022-11-29,35.000000,35.080002,34.062500,34.500000,42218400
CRWD,2022-11-30,28.072500,29.452499,27.222500,29.412500,154592000
CRWD,2022-12-01,29.660000,31.229750,29.642500,31.017500,57771200
CRWD,2022-12-02,30.437500,31.387501,30.182501,31.000000,35404000
CRWD,2022-12-05,30.615000,31.102501,29.173000,29.582500,23122800
CRWD,2022-12-06,29.584999,29.700001,28.247499,28.457500,18963600
CRWD,2022-12-07,28.582500,28.747499,27.583000,28.299999,18620800
CRWD,2022-12-08,28.382500,29.092501,27.937500,28.559999,17170400
CRWD,2022-12-09,28.440001,29.250000,28.237499,28.770000,12058400
CRWD,2022-12-12,28.690001,29.645000,28.600000,29.635000,12138400
CRWD,2022-12-13,31.057501,31.379999,29.607500,30.247499,17820400
CRWD,2022-12-14,30.250000,30.950001,29.700001,30.142500,15744000
CRWD,2022-12-15,29.725000,30.272499,28.667500,28.747499,12948800
CRWD,2022-12-16,28.500500,28.728750,27.690001,27.875000,20167600
CRWD,2022-12-19,27.705000,27.821251,26.895000,27.022499,16856000
CRWD,2022-12-20,26.762751,27.620501,26.506750,27.457500,13815200
CRWD,2022-12-21,27.209999,27.280001,26.087500,26.837500,27170800
CRWD,2022-12-22,26.187500,26.417500,25.467751,25.992500,17511200
CRWD,2022-12-23,25.750000,25.820000,25.237499,25.497499,13300800
CRWD,2022-12-27,25.267500,25.580000,24.827499,25.165001,12407600
CRWD,2022-12-28,24.900000,25.420000,24.674999,24.990000,14128000
CRWD,2022-12-29,25.357500,26.377501,25.117500,26.142500,12571200
CRWD,2022-12-30,25.875000,26.546749,25.747499,26.322500,12595600
CRWD,2023-01-03,26.875000,27.115000,25.429251,25.820000,13790000
CRWD,2023-01-04,26.192499,26.722500,25.635000,26.091249,12152800
CRWD,2023-01-05,24.500000,24.502501,23.628750,23.722500,40006800
CRWD,2023-01-06,23.596251,23.990000,23.065001,23.680000,27089200
CRWD,2023-01-09,24.260000,24.950001,23.950001,24.142500,25726800
CRWD,2023-01-10,23.680000,24.007500,23.062500,23.917500,30820000
CRWD,2023-01-11,24.230000,24.625000,23.719999,24.250000,21000400
CRWD,2023-01-12,24.264999,24.512501,23.177500,24.495001,19219200
CRWD,2023-01-13,24.107500,24.982500,24.032499,24.882500,16841200
CRWD,2023-01-17,25.100000,26.439751,24.532499,26.107500,26614000
CRWD,2023-01-18,26.666250,26.850000,25.225000,25.250000,20896400
CRWD,2023-01-19,24.827499,25.447500,24.549999,24.962500,18950000
CRWD,2023-01-20,25.080000,25.940001,24.892500,25.852501,16538800
CRWD,2023-01-23,25.517500,26.587500,25.500000,26.575001,14615200
CRWD,2023-01-24,26.788750,27.252501,26.033751,26.150000,20328800
CRWD,2023-01-25,25.430000,25.485001,24.315001,25.205000,30584800
CRWD,2023-01-26,25.657499,26.137501,25.219999,26.117500,24278000
CRWD,2023-01-27,25.902500,26.460251,25.629999,26.087500,24382800
CRWD,2023-01-30,25.745001,25.895000,25.218750,25.342501,21072400
CRWD,2023-01-31,25.250000,26.480000,25.184999,26.475000,18593200
CRWD,2023-02-01,26.475000,27.910000,26.275000,27.625000,21574800
CRWD,2023-02-02,29.397499,29.397499,28.477501,28.982500,28503200
CRWD,2023-02-03,28.115499,29.353001,28.055000,28.389999,16076400
CRWD,2023-02-06,27.847500,28.780001,27.206249,27.355000,15458800
CRWD,2023-02-07,27.433750,28.770000,26.940001,28.647499,16461200
CRWD,2023-02-08,29.582500,29.797501,28.597500,28.620001,20848400
CRWD,2023-02-09,29.260000,29.447500,28.280001,28.355000,14563600
CRWD,2023-02-10,27.975000,28.155001,26.900000,27.240000,13846000
CRWD,2023-02-13,27.557501,28.322500,27.161249,28.042500,10682800
CRWD,2023-02-14,27.985001,29.165001,27.602501,29.077499,15724000
CRWD,2023-02-15,29.177500,30.139999,28.812500,30.129999,16794000
CRWD,2023-02-16,29.465000,29.682501,28.764999,28.780001,16876400
CRWD,2023-02-17,28.482500,28.572500,27.615000,28.562500,14853200
CRWD,2023-02-21,28.004999,28.687250,27.877501,28.107500,14483200
CRWD,2023-02-22,28.605000,29.577499,28.280001,29.407499,21040400
CRWD,2023-02-23,29.922501,30.137501,28.709749,29.360001,20244400
CRWD,2023-02-24,28.945000,29.700001,28.825001,29.320000,19202400
CRWD,2023-02-27,29.658751,30.809999,29.575001,30.162500,22007600
CRWD,2023-02-28,30.049999,30.670000,30.022499,30.172501,14015200
CRWD,2023-03-01,30.057501,30.262501,29.652500,30.052500,11073200
CRWD,2023-03-02,29.750000,30.982500,29.677500,30.910000,15396000
CRWD,2023-03-03,30.825001,31.780001,30.424999,31.510000,19513200
CRWD,2023-03-06,32.500000,32.547501,31.828751,31.897499,30331600
CRWD,2023-03-07,31.750000,32.150002,31.127501,31.232500,39109600
CRWD,2023-03-08,33.220001,33.740002,31.250000,32.230000,98787600
CRWD,2023-03-09,32.027500,32.522499,30.379999,30.420000,32122400
CRWD,2023-03-10,29.969999,31.127501,29.537500,29.930000,32198000
CRWD,2023-03-13,29.777500,30.900000,29.557501,30.352501,25046800
CRWD,2023-03-14,31.219999,32.040001,30.717501,32.002499,26229200
CRWD,2023-03-15,31.639999,32.547501,31.632500,32.330002,24494800
CRWD,2023-03-16,32.575001,33.522251,32.387501,33.380001,27759600
CRWD,2023-03-17,33.437500,34.117500,32.965000,33.279999,22915600
CRWD,2023-03-20,33.077499,33.321251,32.555000,33.185001,16982800
CRWD,2023-03-21,32.937500,34.224998,32.817501,34.005001,18952000
CRWD,2023-03-22,33.924999,34.470001,33.312500,33.314999,14956400
CRWD,2023-03-23,33.990002,34.582500,33.282501,33.634998,12843200
CRWD,2023-03-24,33.599998,33.750000,32.697498,32.884998,10805600
CRWD,2023-03-27,32.980000,33.311001,32.572498,32.847500,10251600
CRWD,2023-03-28,32.750000,32.910000,31.889999,32.160000,10778000
CRWD,2023-03-29,32.770000,32.849998,32.170250,32.400002,10783200
CRWD,2023-03-30,32.782501,33.375000,32.487499,32.930000,13703200
CRWD,2023-03-31,33.130001,34.560001,33.027500,34.314999,18113600
CRWD,2023-04-03,33.875000,34.397499,33.542500,34.137501,11152000
CRWD,2023-04-04,34.375000,34.667500,33.932499,34.215000,12183200
CRWD,2023-04-05,33.842499,33.902500,31.424999,31.950001,31183200
CRWD,2023-04-06,31.500000,32.035000,30.925249,31.955000,15956800
CRWD,2023-04-10,31.680000,32.044998,31.137501,32.025002,10694400
CRWD,2023-04-11,31.885000,32.930000,31.817499,32.465000,16058800
CRWD,2023-04-12,33.125000,34.290001,32.789249,33.750000,22071200
CRWD,2023-04-13,34.151249,35.052502,33.930000,34.025002,18993600
CRWD,2023-04-14,33.612499,34.174999,33.465000,33.942501,11650000
CRWD,2023-04-17,34.165001,34.486752,33.660999,34.342499,9386000
CRWD,2023-04-18,34.762501,34.972500,34.031250,34.095001,7707600
CRWD,2023-04-19,33.750000,33.921501,33.002499,33.207500,11436800
CRWD,2023-04-20,32.757500,32.980000,32.267502,32.472500,9783200
CRWD,2023-04-21,32.645000,33.185001,32.537498,33.062500,7750400
CRWD,2023-04-24,33.123749,33.432499,32.255001,32.599998,8217600
CRWD,2023-04-25,32.047501,32.117500,30.452499,30.537500,24426400
CRWD,2023-04-26,30.955000,31.479500,30.718000,31.030001,10826800
CRWD,2023-04-27,31.297501,31.875000,30.889999,31.512501,12389200
CRWD,2023-04-28,30.799999,30.992500,29.855000,30.012501,20764400
CRWD,2023-05-01,29.639999,29.984501,29.222500,29.697500,14897600
CRWD,2023-05-02,29.725000,29.787500,29.010000,29.184999,12309600
CRWD,2023-05-03,29.115000,29.757000,28.917500,29.417500,7634400
CRWD,2023-05-04,29.597500,30.040001,29.362499,29.469999,8520800
CRWD,2023-05-05,29.807501,30.807501,29.754999,30.612499,11990800
CRWD,2023-05-08,31.500000,33.220001,31.350000,33.102501,24230800
CRWD,2023-05-09,33.102501,33.542500,32.290001,32.485001,13555600
CRWD,2023-05-10,33.087502,33.988750,32.757500,33.450001,15982400
CRWD,2023-05-11,33.598751,33.702499,32.817501,33.037498,10231200
CRWD,2023-05-12,33.189999,33.235001,32.312500,32.557499,8105600
CRWD,2023-05-15,32.722500,33.980000,32.602501,33.887501,12562400
CRWD,2023-05-16,33.500000,33.902500,33.325001,33.502499,7854000
CRWD,2023-05-17,33.709999,34.772499,33.402500,34.307499,12590400
CRWD,2023-05-18,34.360001,35.490002,34.307499,35.462502,15808400
CRWD,2023-05-19,35.685001,37.084999,35.597500,36.180000,24164000
CRWD,2023-05-22,36.064999,37.139999,35.955002,36.852501,13733600
CRWD,2023-05-23,36.527500,37.157501,35.947498,35.974998,12892400
CRWD,2023-05-24,36.012501,37.369999,35.787498,37.299999,19463200
CRWD,2023-05-25,37.662498,37.782501,36.797501,37.402500,14225600
CRWD,2023-05-26,37.572498,39.544998,37.500000,38.529999,22600400
CRWD,2023-05-30,39.884998,40.195000,38.727501,39.647499,26862800
CRWD,2023-05-31,39.707500,40.448750,39.252499,40.032501,41110400
CRWD,2023-06-01,36.680000,39.947498,35.623749,39.387501,63368400
CRWD,2023-06-02,39.665001,39.849998,37.632500,37.830002,31955200
CRWD,2023-06-05,37.762501,38.689999,37.060001,38.520000,18722800
CRWD,2023-06-06,38.445000,38.942501,38.099998,38.259998,11577600
CRWD,2023-06-07,38.687500,38.974998,37.099998,37.307499,13968400
CRWD,2023-06-08,37.279999,37.922501,37.127499,37.825001,9106400
CRWD,2023-06-09,38.382500,38.457500,36.709999,37.382500,14194400
CRWD,2023-06-12,37.558750,37.965000,37.227501,37.777500,9784800
CRWD,2023-06-13,38.264999,38.567501,37.642502,38.277500,12583200
CRWD,2023-06-14,38.287498,38.500000,37.669998,38.490002,10694800
CRWD,2023-06-15,38.307499,40.297501,38.055248,39.952499,30272000
CRWD,2023-06-16,40.525002,40.562500,38.702499,38.785000,25407600
CRWD,2023-06-20,38.150002,38.930000,37.564999,38.020000,14381600
CRWD,2023-06-21,37.645000,37.845001,35.817501,35.962502,24980800
CRWD,2023-06-22,35.639999,36.735001,35.375000,36.450001,13225600
CRWD,2023-06-23,35.857498,36.237499,35.552502,35.912498,11681600
CRWD,2023-06-26,35.759998,36.294998,35.337502,35.452499,8744400
CRWD,2023-06-27,35.622501,36.267502,35.517502,36.070000,10252400
CRWD,2023-06-28,35.972500,36.505001,35.609501,36.272499,9499200
CRWD,2023-06-29,36.442501,36.622501,35.792500,35.997501,9800400
CRWD,2023-06-30,36.272499,37.330002,36.217499,36.717499,12370800
CRWD,2023-07-03,36.794998,36.887501,36.252499,36.490002,5545600
CRWD,2023-07-05,36.389999,36.817501,36.220001,36.270000,12716400
CRWD,2023-07-06,35.687500,35.928749,34.842499,35.902500,15155200
CRWD,2023-07-07,35.877499,36.700001,35.869999,36.012501,9140000
CRWD,2023-07-10,35.950001,37.494999,35.875000,37.487499,13807600
CRWD,2023-07-11,37.687500,38.185001,37.317501,37.697498,14082800
CRWD,2023-07-12,38.297501,38.482498,36.084999,36.532501,18389200
CRWD,2023-07-13,36.994999,38.384998,36.882500,37.687500,16178800
CRWD,2023-07-14,37.612499,38.060001,37.232498,37.349998,10639600
CRWD,2023-07-17,37.267502,38.889999,37.107498,38.182499,14750400
CRWD,2023-07-18,38.250000,38.556252,37.685001,38.237499,9642800
CRWD,2023-07-19,38.750000,40.375000,38.723751,39.402500,19150000
CRWD,2023-07-20,38.732498,39.035000,36.875000,37.017502,19167600
CRWD,2023-07-21,37.482498,38.093750,37.220001,37.724998,23805200
CRWD,2023-07-24,37.742500,37.946251,36.787498,37.435001,10980400
CRWD,2023-07-25,37.654999,38.352501,37.634998,37.735001,8984800
CRWD,2023-07-26,37.570000,38.737499,37.112499,38.657501,11194400
CRWD,2023-07-27,39.237499,39.520000,38.048752,38.212502,10684000
CRWD,2023-07-28,38.875000,39.259998,38.375000,38.900002,8012400
CRWD,2023-07-31,39.472500,40.852501,39.415001,40.415001,15659200
CRWD,2023-08-01,40.250000,41.747501,39.755001,41.490002,16073600
CRWD,2023-08-02,40.378250,40.400002,38.139999,38.682499,18434400
CRWD,2023-08-03,38.500000,39.625000,38.307499,39.387501,9828800
CRWD,2023-08-04,38.807499,38.997501,37.156250,37.622501,17876400
CRWD,2023-08-07,37.814999,38.012501,36.950001,37.742500,9319200
CRWD,2023-08-08,36.792500,36.927502,35.722500,36.470001,17134400
CRWD,2023-08-09,36.277500,36.777500,36.061501,36.365002,9980800
CRWD,2023-08-10,36.837502,37.747501,36.657501,36.965000,9399200
CRWD,2023-08-11,36.805000,37.519501,36.715000,37.055000,8184400
CRWD,2023-08-14,36.837502,38.137501,36.645000,38.092499,8920800
CRWD,2023-08-15,37.630001,37.919998,37.264999,37.407501,7859200
CRWD,2023-08-16,37.250000,37.834999,36.939999,37.250000,7504800
CRWD,2023-08-17,37.250000,37.250000,35.977501,36.095001,13436000
CRWD,2023-08-18,35.415001,36.826000,35.130001,36.700001,12786800
CRWD,2023-08-21,37.689999,38.779999,37.627499,38.474998,16983200
CRWD,2023-08-22,38.584999,38.750000,37.902500,38.082500,6830400
CRWD,2023-08-23,38.369999,38.860001,37.892502,38.452499,7674000
CRWD,2023-08-24,38.887501,38.887501,36.322498,36.362499,13417200
CRWD,2023-08-25,36.500000,37.610001,36.174999,37.395000,11356400
CRWD,2023-08-28,36.505001,36.997501,35.590000,36.007500,23176000
CRWD,2023-08-29,35.732498,37.102501,35.492748,36.674999,14480800
CRWD,2023-08-30,36.750000,37.542500,36.345001,37.294998,24775600
CRWD,2023-08-31,38.527500,41.102501,38.395000,40.757500,54908400
CRWD,2023-09-01,40.779999,41.562500,40.077499,40.307499,16930000
CRWD,2023-09-05,40.257500,41.397499,40.025002,41.357498,13152800
CRWD,2023-09-06,41.247501,42.057499,41.012001,41.557499,17074400
CRWD,2023-09-07,41.099998,41.987499,40.799999,41.660000,12003600
CRWD,2023-09-08,41.618752,42.307499,41.500000,42.022499,10766000
CRWD,2023-09-11,42.375000,43.160000,42.167500,43.072498,11870800
CRWD,2023-09-12,42.610001,43.087502,42.068748,42.419998,8440000
CRWD,2023-09-13,42.380001,42.695000,42.082500,42.117500,6822000
CRWD,2023-09-14,42.337502,42.950001,42.142502,42.682499,8333600
CRWD,2023-09-15,41.529999,42.052750,40.860001,41.362499,18910400
CRWD,2023-09-18,41.244999,42.150002,41.000000,41.742500,9781200
CRWD,2023-09-19,41.737499,41.904999,40.722500,41.375000,9390800
CRWD,2023-09-20,41.375000,42.141251,40.970001,40.972500,11120400
CRWD,2023-09-21,42.047501,42.750000,39.840000,40.632500,27168400
CRWD,2023-09-22,40.660000,41.647499,40.502499,40.642502,12537600
CRWD,2023-09-25,40.474998,40.500000,39.812500,39.980000,8706800
CRWD,2023-09-26,39.527500,40.250000,39.397499,40.119999,9656400
CRWD,2023-09-27,40.257500,41.172501,40.167500,40.759998,10524400
CRWD,2023-09-28,40.572498,41.535000,40.357498,41.312500,7263600
CRWD,2023-09-29,41.882500,42.378750,41.742500,41.845001,10398800
CRWD,2023-10-02,42.000000,43.002499,41.767502,42.384998,11052000
CRWD,2023-10-03,41.827499,42.250000,40.215000,40.507500,13016400
CRWD,2023-10-04,40.904999,41.261250,40.547501,41.012501,7942800
CRWD,2023-10-05,41.017502,41.527500,40.230000,41.322498,9639200
CRWD,2023-10-06,40.877499,44.236252,40.750000,44.172501,27588000
CRWD,2023-10-09,44.125000,46.312500,44.025002,45.455002,26734000
CRWD,2023-10-10,45.380001,46.299999,45.189999,45.962502,14224800
CRWD,2023-10-11,45.962502,47.165001,45.825001,47.055000,14210400
CRWD,2023-10-12,47.055000,47.590000,46.220001,46.889999,12338000
CRWD,2023-10-13,46.889999,47.331249,46.347500,46.430000,10760400
CRWD,2023-10-16,46.382500,47.395000,45.837502,46.917500,10161600
CRWD,2023-10-17,46.497501,47.570000,46.299999,46.785000,12704800
CRWD,2023-10-18,46.555000,47.345001,46.492500,46.947498,8693600
CRWD,2023-10-19,47.937500,47.997501,45.990002,46.130001,14072400
CRWD,2023-10-20,45.750000,45.900002,44.075001,44.689999,15359200
CRWD,2023-10-23,44.000000,45.292500,43.322498,44.770000,10136800
CRWD,2023-10-24,45.250000,46.040001,44.763248,45.705002,7303600
CRWD,2023-10-25,45.297501,45.494999,43.779999,43.845001,8200800
CRWD,2023-10-26,44.029999,44.612499,42.542500,42.910000,10060000
CRWD,2023-10-27,43.555000,43.924999,42.805500,43.205002,7180400
CRWD,2023-10-30,43.650002,43.932499,42.920750,43.652500,6677600
CRWD,2023-10-31,43.791248,44.397499,43.145000,44.192501,6604000
CRWD,2023-11-01,44.529999,44.907501,43.702499,44.587502,8298800
CRWD,2023-11-02,45.222500,46.167500,44.928501,45.700001,13408800
CRWD,2023-11-03,45.667500,47.185001,44.587502,47.060001,13052000
CRWD,2023-11-06,47.244999,47.375000,45.900002,46.695000,7746400
CRWD,2023-11-07,47.787498,48.707500,47.362499,48.090000,12263200
CRWD,2023-11-08,48.130001,48.695000,47.802502,48.457500,6870400
CRWD,2023-11-09,48.360001,48.544998,47.279999,47.689999,9836400
CRWD,2023-11-10,48.092499,49.237499,47.549999,49.077499,8166000
CRWD,2023-11-13,49.500000,50.387501,49.292500,50.240002,12343600
CRWD,2023-11-14,51.250000,52.266750,50.875000,51.992500,14946000
CRWD,2023-11-15,52.177502,52.522499,50.667500,51.072498,14774000
CRWD,2023-11-16,50.082500,51.777500,49.715000,51.067501,12054000
CRWD,2023-11-17,51.067501,51.977501,50.759998,51.772499,7430000
CRWD,2023-11-20,52.000000,52.256748,51.516251,51.932499,8918400
CRWD,2023-11-21,51.935001,52.330002,51.462502,52.244999,9108400
CRWD,2023-11-22,52.474998,52.662498,51.637501,52.402500,8799600
CRWD,2023-11-24,52.215000,53.215000,51.918751,52.665001,6632000
CRWD,2023-11-27,52.404999,53.285000,51.892502,52.517502,16050000
CRWD,2023-11-28,52.232498,53.676250,51.805000,53.087502,28590400
CRWD,2023-11-29,55.000000,58.907501,54.707500,58.610001,51986000
CRWD,2023-11-30,57.797501,59.619999,57.297501,59.247501,29703200
CRWD,2023-12-01,58.930000,59.162498,57.450001,58.757500,15475600
CRWD,2023-12-04,58.520000,59.462502,57.727501,59.347500,13794000
CRWD,2023-12-05,58.490002,59.767502,58.332001,59.742500,10305600
CRWD,2023-12-06,60.000000,61.160000,59.447250,59.855000,15038800
CRWD,2023-12-07,59.907501,60.177502,58.560001,60.042500,9910000
CRWD,2023-12-08,59.584999,60.872501,59.407501,60.637501,7546800
CRWD,2023-12-11,60.657501,62.320000,60.347500,61.742500,11096400
CRWD,2023-12-12,61.160000,62.572498,60.817501,62.137501,11908800
CRWD,2023-12-13,62.437500,63.325001,61.794998,63.009998,10593200
CRWD,2023-12-14,63.456249,64.342499,61.967499,63.169998,15280400
CRWD,2023-12-15,64.150002,65.192253,63.505001,65.019997,24078800
CRWD,2023-12-18,65.042503,65.452499,64.334999,64.949997,11387200
CRWD,2023-12-19,65.029999,65.192497,64.059998,64.582497,11132000
CRWD,2023-12-20,63.974998,64.892502,63.407501,63.487499,8991200
CRWD,2023-12-21,63.562500,64.427498,62.652500,64.330002,12712000
CRWD,2023-12-22,64.242500,64.242500,63.439999,63.907501,7206800
CRWD,2023-12-26,63.707500,64.559998,63.395748,64.467499,7257600
CRWD,2023-12-27,64.566254,64.885002,63.932499,64.330002,6212000
CRWD,2023-12-28,64.352501,64.355003,63.777500,64.032501,4102400
CRWD,2023-12-29,63.957500,64.294998,62.970001,63.830002,7435600
CRWD,2024-01-02,62.867500,63.072498,60.757500,61.722500,15027200
CRWD,2024-01-03,60.080002,62.207748,59.652500,61.090000,12630400
CRWD,2024-01-04,61.500000,61.902500,60.910000,61.412498,8412000
CRWD,2024-01-05,61.250000,62.369999,61.162498,61.865002,9630000
CRWD,2024-01-08,62.974998,65.409752,62.889999,65.320000,16036800
CRWD,2024-01-09,66.423752,69.139999,66.247498,68.442497,24267600
CRWD,2024-01-10,68.717499,70.578751,68.717499,70.510002,18696000
CRWD,2024-01-11,71.000000,71.940002,70.087502,71.129997,13842800
CRWD,2024-01-12,71.750000,72.582497,70.627502,70.837502,10137600
CRWD,2024-01-16,69.847504,71.800003,69.764999,71.572502,10763200
CRWD,2024-01-17,69.885002,70.807503,68.199753,69.067497,17678800
CRWD,2024-01-18,70.417503,71.114998,69.792503,70.777496,10823600
CRWD,2024-01-19,71.250000,72.712502,70.949997,72.635002,12044800
CRWD,2024-01-22,75.120003,75.500000,73.842499,74.665001,16917600
CRWD,2024-01-23,74.542503,74.925003,72.926247,74.317497,11957200
CRWD,2024-01-24,75.144997,76.887497,74.635002,75.070000,17816800
CRWD,2024-01-25,76.402496,76.574997,72.697502,73.364998,17331600
CRWD,2024-01-26,72.622498,73.437500,71.687500,72.577499,11246000
CRWD,2024-01-29,73.500000,75.175003,73.437500,75.167503,12526000
CRWD,2024-01-30,75.250000,75.653748,74.599998,75.337502,8589600
CRWD,2024-01-31,74.500000,75.028748,72.722504,73.125000,9976400
CRWD,2024-02-01,74.035004,74.974998,73.542503,74.842499,7414400
CRWD,2024-02-02,74.937500,76.302498,74.177498,75.892502,9498000
CRWD,2024-02-05,76.250000,76.941498,73.892502,75.622498,9925200
CRWD,2024-02-06,76.342499,76.942497,73.827499,75.527496,8350400
CRWD,2024-02-07,76.932503,80.267502,76.677498,79.445000,16069600
CRWD,2024-02-08,79.177498,80.982246,78.507500,80.760002,10124400
CRWD,2024-02-09,82.500000,84.247498,81.607498,82.334999,15480000
CRWD,2024-02-12,82.425003,82.667000,80.157501,80.322502,13656400
CRWD,2024-02-13,76.885002,81.584999,75.500000,80.610001,18125600
CRWD,2024-02-14,81.940002,83.724998,81.639999,83.637497,9579600
CRWD,2024-02-15,84.375000,84.613251,81.778252,82.845001,11679600
CRWD,2024-02-16,82.947502,83.092499,81.282501,82.309998,8495600
CRWD,2024-02-20,81.750000,81.750000,78.767502,80.927498,16546800
CRWD,2024-02-21,70.757500,73.649750,68.290001,73.089996,36060400
CRWD,2024-02-22,76.232498,78.415001,74.250000,77.727501,19191600
CRWD,2024-02-23,78.445000,79.250000,77.144997,77.872498,11860800
CRWD,2024-02-26,78.290001,80.828499,77.372498,80.257500,15539600
CRWD,2024-02-27,80.849998,82.272499,80.177498,80.302498,11161600
CRWD,2024-02-28,79.714996,80.422501,78.637497,80.235001,8290400
CRWD,2024-02-29,81.227501,82.245003,80.267502,81.037498,15248400
CRWD,2024-03-01,79.812500,79.930000,77.279999,78.650002,23349600
CRWD,2024-03-04,79.332497,79.497498,77.822502,78.452499,19186400
CRWD,2024-03-05,76.882500,77.125000,72.449997,74.389999,52997200
CRWD,2024-03-06,90.012497,91.250000,81.002502,82.392502,92203600
CRWD,2024-03-07,82.437500,82.962502,78.802498,82.419998,38918000
CRWD,2024-03-08,82.750000,85.434998,80.602501,80.712502,24085200
CRWD,2024-03-11,79.787498,80.875000,79.000000,79.342499,13168000
CRWD,2024-03-12,79.652496,83.452499,79.342499,82.317497,16626000
CRWD,2024-03-13,82.432503,83.706253,81.375000,83.042503,10923600
CRWD,2024-03-14,83.250000,84.445000,81.368752,82.147499,11107200
CRWD,2024-03-15,81.394997,81.847504,78.900002,78.912498,17932400
CRWD,2024-03-18,79.757500,80.592499,78.974998,80.264999,10946400
CRWD,2024-03-19,79.537498,80.370003,77.555000,80.214996,11734400
CRWD,2024-03-20,80.250000,82.117500,79.515747,81.717499,10115200
CRWD,2024-03-21,81.472504,83.307503,80.512497,82.364998,13013600
CRWD,2024-03-22,81.932503,82.097504,79.887497,81.894997,10406800
CRWD,2024-03-25,81.500000,82.312500,80.250000,81.190002,6780800
CRWD,2024-03-26,81.500000,83.125000,80.964996,82.502502,9670800
CRWD,2024-03-27,83.334999,83.459999,79.389999,80.562500,12702400
CRWD,2024-03-28,80.605003,81.912498,79.985001,80.147499,9012400
CRWD,2024-04-01,80.250000,80.497498,78.430000,79.897499,7323600
CRWD,2024-04-02,78.230003,79.927498,77.739998,79.887497,8501200
CRWD,2024-04-03,79.142502,80.887497,78.620003,80.010002,8053600
CRWD,2024-04-04,81.074997,81.497498,77.220001,77.297501,10668000
CRWD,2024-04-05,77.430000,79.375000,77.332497,78.875000,7077200
CRWD,2024-04-08,79.044998,79.160004,77.375000,78.432503,5829200
CRWD,2024-04-09,78.747498,79.000000,77.157501,77.692497,7443200
CRWD,2024-04-10,76.497498,78.770248,76.334999,78.132500,7756000
CRWD,2024-04-11,78.385002,79.476250,77.533752,79.449997,7476000
CRWD,2024-04-12,78.472504,78.717499,76.750000,77.262497,8705200
CRWD,2024-04-15,77.507500,78.000000,74.597504,74.875000,10286400
CRWD,2024-04-16,74.387497,75.412498,74.199997,74.787498,7313200
CRWD,2024-04-17,76.000000,76.199997,72.927498,73.422501,9161200
CRWD,2024-04-18,73.250000,74.375000,72.544998,73.525002,8400000
CRWD,2024-04-19,72.987503,73.182503,70.220001,70.660004,12466400
CRWD,2024-04-22,71.434998,72.822502,70.349998,72.287498,9933600
CRWD,2024-04-23,73.052498,75.702499,73.042503,74.912498,10372000
CRWD,2024-04-24,75.900002,76.205002,73.684998,74.404999,6624800
CRWD,2024-04-25,72.389999,74.962502,71.977501,74.504997,8088400
CRWD,2024-04-26,75.084999,76.445000,74.567497,76.017502,8031200
CRWD,2024-04-29,78.142502,78.465752,75.512497,76.010002,7598400
CRWD,2024-04-30,75.500000,75.766251,73.082497,73.135002,7720800
CRWD,2024-05-01,72.610001,75.625000,72.137497,73.860001,8363200
CRWD,2024-05-02,75.938751,76.985001,74.510750,75.885002,15682000
CRWD,2024-05-03,76.190002,77.887497,75.000000,77.552498,16323200
CRWD,2024-05-06,76.845001,79.474998,76.074997,79.452499,11614000
CRWD,2024-05-07,78.927498,80.378754,77.912498,78.137497,12796000
CRWD,2024-05-08,77.970001,79.807503,77.142502,78.440002,8292400
CRWD,2024-05-09,78.257500,79.562500,77.345001,79.485001,8633600
CRWD,2024-05-10,80.000000,81.875000,79.597504,80.190002,10629600
CRWD,2024-05-13,81.250000,81.250000,79.157501,79.794998,7577600
CRWD,2024-05-14,79.797501,82.697502,79.794998,82.387497,11794800
CRWD,2024-05-15,83.302498,86.092499,82.732498,85.779999,12572800
CRWD,2024-05-16,85.750000,86.019997,84.707497,84.764999,8298800
CRWD,2024-05-17,85.000000,86.570000,84.677498,86.482498,8179600
CRWD,2024-05-20,86.500000,87.397499,86.162498,87.187500,8700000
CRWD,2024-05-21,85.763748,87.912498,85.129997,87.330002,8397200
CRWD,2024-05-22,87.500000,88.235001,85.714996,86.355003,7630000
CRWD,2024-05-23,87.500000,87.602501,85.318748,85.587502,7344000
CRWD,2024-05-24,85.667503,88.937500,85.202499,87.867500,10680000
CRWD,2024-05-28,89.660004,89.709999,85.777496,86.705002,12941200
CRWD,2024-05-29,85.502502,88.385002,85.489998,87.379997,10555600
CRWD,2024-05-30,86.537498,86.657501,78.532501,78.980003,24573200
CRWD,2024-05-31,82.440002,82.442497,76.625000,78.417503,21607200
CRWD,2024-06-03,79.842499,79.870003,76.277496,77.172501,17458800
CRWD,2024-06-04,77.500000,78.095001,75.876251,76.394997,33901600
CRWD,2024-06-05,83.652496,85.647499,79.097504,85.544998,64142400
CRWD,2024-06-06,85.732498,87.334999,84.047501,85.122498,18734000
CRWD,2024-06-07,85.750000,87.480003,84.282501,87.279999,20387200
CRWD,2024-06-10,91.775002,96.245003,91.775002,93.642502,62362800
CRWD,2024-06-11,93.214996,96.250000,92.535004,96.157501,28046800
CRWD,2024-06-12,97.562500,97.676247,94.717499,96.842499,23311200
CRWD,2024-06-13,96.962502,97.472504,95.235001,95.702499,15878000
CRWD,2024-06-14,95.500000,97.086250,95.287498,96.358749,13660000
CRWD,2024-06-17,95.687500,98.660004,94.137497,97.607498,19412400
CRWD,2024-06-18,97.500000,98.322502,96.665001,97.377502,16371200
CRWD,2024-06-20,97.565002,98.312500,94.800003,95.535004,23392000
CRWD,2024-06-21,95.157501,95.250000,92.675003,95.157501,209024000
CRWD,2024-06-24,93.775002,95.440002,93.500000,94.482498,21603600
CRWD,2024-06-25,94.937500,96.952499,94.886253,96.690002,12585200
CRWD,2024-06-26,96.397499,96.877502,94.937500,95.092499,11808400
CRWD,2024-06-27,95.250000,97.885002,94.985001,96.822502,14665200
CRWD,2024-06-28,97.332497,98.322502,95.445503,95.797501,33922000
CRWD,2024-07-01,96.320000,98.184998,94.480003,98.037498,11520800
CRWD,2024-07-02,95.567497,96.791252,95.367500,96.262497,12970800
CRWD,2024-07-03,96.062500,97.519997,95.595749,96.794998,5827200
CRWD,2024-07-05,96.967499,97.866249,96.327499,97.419998,7636000
CRWD,2024-07-08,97.592003,99.279999,94.947502,97.677498,11906000
CRWD,2024-07-09,98.127502,99.581749,95.800003,96.470001,11870400
CRWD,2024-07-10,96.250000,96.254997,91.397499,93.612503,23306800
CRWD,2024-07-11,93.922501,94.945000,91.875000,92.607498,12502000
CRWD,2024-07-12,92.050003,93.622498,91.938751,92.830002,10438800
CRWD,2024-07-15,92.917503,95.892502,91.052498,94.342499,14089600
CRWD,2024-07-16,94.559998,94.833748,92.125000,92.262497,10425200
CRWD,2024-07-17,90.000000,90.899246,87.680000,88.735001,13994800
CRWD,2024-07-18,87.934998,88.050003,84.084999,85.762497,18211200
CRWD,2024-07-19,73.627502,79.187500,72.525002,76.239998,168582800
CRWD,2024-07-22,71.252502,71.252502,65.397499,65.977501,198270000
CRWD,2024-07-23,67.254997,69.250000,64.692497,67.220001,134332400
CRWD,2024-07-24,67.500000,68.860001,64.339996,64.535004,58945200
CRWD,2024-07-25,64.597504,65.697502,62.555000,63.537498,42045600
CRWD,2024-07-26,64.987503,65.135002,62.814999,64.040001,38337600
CRWD,2024-07-29,64.877502,66.375000,64.362503,64.702499,47168800
CRWD,2024-07-30,61.887501,62.082500,56.555000,58.412498,103299600
CRWD,2024-07-31,58.667500,59.227501,57.052502,57.990002,47921600
CRWD,2024-08-01,58.000000,58.049999,55.415001,56.055000,39656800
CRWD,2024-08-02,54.287498,55.368752,52.785000,54.472500,35912400
CRWD,2024-08-05,50.383751,56.029999,50.202499,55.512501,43768800
CRWD,2024-08-06,57.547501,58.810001,55.389999,57.922501,42453600
CRWD,2024-08-07,59.592499,60.875000,57.525002,57.667500,37396000
CRWD,2024-08-08,58.470001,60.509998,57.430000,60.130001,26700000
CRWD,2024-08-09,60.544998,61.502499,59.700001,60.224998,23755600
CRWD,2024-08-12,60.500000,60.717499,58.900002,59.834999,14917600
CRWD,2024-08-13,60.500000,62.242500,60.001251,62.027500,20507200
CRWD,2024-08-14,62.500000,64.739998,62.313999,64.055000,22855600
CRWD,2024-08-15,65.062500,65.912498,64.379997,65.122498,23592400
CRWD,2024-08-16,65.110001,65.660004,64.462502,65.635002,13982400
CRWD,2024-08-19,66.000000,67.745003,65.650002,66.695000,21866400
CRWD,2024-08-20,67.339996,67.529999,66.098747,66.632500,15506000
CRWD,2024-08-21,66.752502,68.605003,66.410751,68.302498,21033600
CRWD,2024-08-22,68.809998,69.625000,66.807503,66.910004,17682800
CRWD,2024-08-23,67.525002,68.400002,66.702499,67.885002,12994400
CRWD,2024-08-26,67.764999,67.934998,66.317497,66.467499,14233600
CRWD,2024-08-27,65.452499,67.607498,65.187500,67.457497,14747600
CRWD,2024-08-28,67.449997,67.680000,65.370003,66.050003,28290400
CRWD,2024-08-29,65.502502,71.432503,65.332497,67.917503,52400800
CRWD,2024-08-30,69.445000,71.027496,68.337502,69.320000,26468000
CRWD,2024-09-03,68.945000,69.377502,66.322502,66.650002,22012800
CRWD,2024-09-04,65.110001,66.799500,64.602501,64.830002,17488800
CRWD,2024-09-05,63.849998,64.750000,63.167500,64.107498,15712000
CRWD,2024-09-06,63.950001,64.349998,61.122501,61.597500,17280400
CRWD,2024-09-09,62.278751,62.375000,61.042500,61.645000,12792800
CRWD,2024-09-10,62.187500,62.582500,60.887501,61.935001,8796800
CRWD,2024-09-11,61.932499,63.645000,60.562500,63.382500,10664400
CRWD,2024-09-12,63.919998,64.595001,63.119999,64.275002,10582800
CRWD,2024-09-13,64.250000,65.394997,64.000000,64.782501,8535600
CRWD,2024-09-16,65.192497,67.512497,64.837502,66.952499,14794400
CRWD,2024-09-17,67.550003,68.099998,66.830002,67.180000,11101600
CRWD,2024-09-18,67.372498,68.004997,65.862503,66.779999,12714400
CRWD,2024-09-19,69.000000,70.997498,68.437500,69.345001,24876000
CRWD,2024-09-20,71.032501,75.112503,70.970001,74.962502,71500400
CRWD,2024-09-23,74.445000,75.539497,73.142502,73.285004,22077200
CRWD,2024-09-24,73.722504,73.849998,71.320000,72.135002,16442800
CRWD,2024-09-25,72.500000,72.932503,71.385002,71.617500,11814000
CRWD,2024-09-26,72.812500,73.093750,69.470001,70.370003,18128400
CRWD,2024-09-27,70.949997,71.612503,70.287498,71.464996,11585600
CRWD,2024-09-30,71.000000,71.352501,69.550003,70.117500,11414800
CRWD,2024-10-01,70.565002,70.743500,68.167503,68.787498,12490400
CRWD,2024-10-02,68.721252,70.537498,68.715500,70.059998,10370400
CRWD,2024-10-03,69.750000,71.724998,69.639999,70.937500,13345600
CRWD,2024-10-04,72.040001,73.139999,70.949997,73.059998,12473600
CRWD,2024-10-07,72.750000,73.250000,71.447502,71.742500,9257200
CRWD,2024-10-08,71.970001,73.812500,71.695000,73.252502,11545200
CRWD,2024-10-09,73.434998,74.692497,73.125000,74.584999,10137600
CRWD,2024-10-10,74.430000,78.882500,74.250000,78.730003,31439600
CRWD,2024-10-11,78.730003,80.647499,78.250000,80.052498,18427200
CRWD,2024-10-14,80.392502,80.985001,77.400002,77.629997,17896800
TSLA,2022-01-03,382.583344,400.356659,378.679993,399.926666,103931400
TSLA,2022-01-04,396.516663,402.666656,374.350006,383.196655,100248300
TSLA,2022-01-05,382.216675,390.113342,360.336670,362.706665,80119800
TSLA,2022-01-06,359.000000,362.666656,340.166656,354.899994,90336600
TSLA,2022-01-07,360.123322,360.309998,336.666656,342.320007,84164700
TSLA,2022-01-10,333.333344,353.033325,326.666656,352.706665,91815000
TSLA,2022-01-11,351.223328,358.616669,346.273346,354.799988,66063300
TSLA,2022-01-12,359.616669,371.613342,357.529999,368.739990,83739000
TSLA,2022-01-13,369.690002,371.866669,342.179993,343.853333,97209900
TSLA,2022-01-14,339.959991,350.666656,337.793335,349.869995,72924300
TSLA,2022-01-18,342.203339,356.929993,338.686676,343.503326,66743400
TSLA,2022-01-19,347.236664,351.556671,331.666656,331.883331,75442500
TSLA,2022-01-20,336.576660,347.220001,331.333344,332.089996,70488600
TSLA,2022-01-21,332.113342,334.850006,313.500000,314.633331,103416000
TSLA,2022-01-24,301.586670,311.170013,283.823334,310.000000,151565700
TSLA,2022-01-25,304.733337,317.086670,301.070007,306.133331,86595900
TSLA,2022-01-26,317.476654,329.230011,302.000000,312.470001,104867400
TSLA,2022-01-27,311.119995,311.796661,276.333344,276.366669,147109500
TSLA,2022-01-28,277.186676,285.833344,264.003326,282.116669,134789100
TSLA,2022-01-31,290.903320,312.663330,287.350006,312.239990,104436000
TSLA,2022-02-01,311.736664,314.566681,301.666656,310.416656,73138200
TSLA,2022-02-02,309.393341,310.500000,296.470001,301.886658,66792900
TSLA,2022-02-03,294.000000,312.333344,293.506653,297.046661,78855600
TSLA,2022-02-04,299.073334,312.166656,293.723328,307.773346,73625400
TSLA,2022-02-07,307.929993,315.923340,300.903320,302.446655,60994500
TSLA,2022-02-08,301.843323,308.763336,298.266663,307.333344,50729100
TSLA,2022-02-09,311.666656,315.423340,306.666656,310.666656,52259400
TSLA,2022-02-10,302.790009,314.603333,298.899994,301.516663,66126900
TSLA,2022-02-11,303.209991,305.320007,283.566681,286.666656,79645800
TSLA,2022-02-14,287.190002,299.626678,284.383331,291.920013,67756500
TSLA,2022-02-15,300.000000,307.666656,297.793335,307.476654,57286200
TSLA,2022-02-16,304.683319,308.809998,300.403320,307.796661,51294300
TSLA,2022-02-17,304.420013,306.166656,291.366669,292.116669,55178400
TSLA,2022-02-18,295.333344,295.623322,279.203339,285.660004,68501700
TSLA,2022-02-22,278.043335,285.576660,267.033325,273.843323,83288100
TSLA,2022-02-23,276.809998,278.433319,253.520004,254.679993,95256900
TSLA,2022-02-24,233.463333,267.493347,233.333328,266.923340,135322200
TSLA,2022-02-25,269.743347,273.166656,260.799988,269.956665,76067700
TSLA,2022-02-28,271.670013,292.286682,271.570007,290.143341,99006900
TSLA,2022-03-01,289.893341,296.626678,284.593323,288.123322,74766900
TSLA,2022-03-02,290.709991,295.493347,281.423340,293.296661,74643300
TSLA,2022-03-03,292.923340,295.480011,277.533325,279.763336,61623600
TSLA,2022-03-04,283.033325,285.216675,275.053345,279.429993,66999600
TSLA,2022-03-07,285.433319,288.713318,268.190002,268.193329,72494100
TSLA,2022-03-08,265.176666,283.329987,260.723328,274.799988,80399100
TSLA,2022-03-09,279.826660,286.853333,277.336670,286.323334,59184000
TSLA,2022-03-10,283.816681,284.816681,270.119995,279.433319,58648500
TSLA,2022-03-11,280.066681,281.266663,264.589996,265.116669,67037100
TSLA,2022-03-14,260.203339,266.899994,252.013336,255.456665,71152200
TSLA,2022-03-15,258.423340,268.523346,252.190002,267.296661,66841200
TSLA,2022-03-16,269.666656,280.666656,267.420013,280.076660,84028800
TSLA,2022-03-17,276.996674,291.666656,275.239990,290.533325,66582900
TSLA,2022-03-18,291.496674,302.616669,289.130005,301.796661,100414200
TSLA,2022-03-21,304.993347,314.283325,302.363342,307.053345,81981600
TSLA,2022-03-22,310.000000,332.619995,307.250000,331.326660,105868500
TSLA,2022-03-23,326.646667,346.899994,325.466675,333.036682,120676200
TSLA,2022-03-24,336.576660,341.496674,329.600006,337.973328,68920800
TSLA,2022-03-25,336.000000,340.600006,332.440002,336.880005,62031600
TSLA,2022-03-28,355.033325,365.959991,351.200012,363.946655,102506100
TSLA,2022-03-29,369.329987,371.589996,357.703339,366.523346,73614900
TSLA,2022-03-30,363.723328,371.316681,361.333344,364.663330,59865000
TSLA,2022-03-31,364.856659,367.713318,358.880005,359.200012,48992700
TSLA,2022-04-01,360.383331,364.916656,355.546661,361.529999,54263100
TSLA,2022-04-04,363.126678,383.303345,357.510010,381.816681,82035900
TSLA,2022-04-05,378.766663,384.290009,362.433319,363.753326,80075100
TSLA,2022-04-06,357.823334,359.666656,342.566681,348.586670,89348400
TSLA,2022-04-07,350.796661,358.863342,340.513336,352.420013,79447200
TSLA,2022-04-08,347.736664,349.480011,340.813324,341.829987,55013700
TSLA,2022-04-11,326.799988,336.156677,324.880005,325.309998,59357100
TSLA,2022-04-12,332.546661,340.396667,325.533325,328.983337,65976000
TSLA,2022-04-13,327.026672,342.079987,324.366669,340.790009,55121100
TSLA,2022-04-14,333.096680,337.570007,327.396667,328.333344,58422300
TSLA,2022-04-18,329.676666,338.306671,324.470001,334.763336,51715200
TSLA,2022-04-19,335.019989,344.980011,331.776672,342.716675,49847700
TSLA,2022-04-20,343.333344,344.666656,325.083344,325.733337,70711200
TSLA,2022-04-21,358.243347,364.073334,332.140015,336.260010,105416400
TSLA,2022-04-22,338.303345,344.950012,331.333344,335.016663,69696600
TSLA,2022-04-25,326.323334,336.206665,325.100006,332.673340,68341200
TSLA,2022-04-26,331.809998,333.333344,291.666656,292.140015,136133700
TSLA,2022-04-27,299.526672,306.000000,292.453339,293.836670,76956300
TSLA,2022-04-28,299.993347,300.000000,273.899994,292.503326,124948500
TSLA,2022-04-29,300.750000,311.466675,290.000000,290.253326,88133100
TSLA,2022-05-02,286.923340,302.119995,282.676666,300.980011,75781500
TSLA,2022-05-03,301.059998,308.026672,296.196655,303.083344,63709500
TSLA,2022-05-04,301.313324,318.500000,295.093323,317.540009,81643800
TSLA,2022-05-05,313.006653,315.200012,285.899994,291.093323,92519100
TSLA,2022-05-06,295.666656,296.000000,281.036682,288.549988,72903000
TSLA,2022-05-09,278.816681,281.876678,260.383331,262.369995,90810300
TSLA,2022-05-10,273.103333,275.119995,258.083344,266.679993,84401700
TSLA,2022-05-11,265.000000,269.923340,242.399994,244.666672,97224600
TSLA,2022-05-12,233.666672,253.220001,226.666672,242.666672,140313000
TSLA,2022-05-13,257.826660,262.450012,250.523331,256.529999,92150700
TSLA,2022-05-16,255.720001,256.586670,239.696671,241.456665,86098500
TSLA,2022-05-17,249.119995,254.826660,242.949997,253.869995,80236200
TSLA,2022-05-18,248.173340,253.500000,233.603333,236.603333,87811800
TSLA,2022-05-19,235.666672,244.666672,231.369995,236.473328,90296700
TSLA,2022-05-20,237.996674,240.526672,211.000000,221.300003,144973200
TSLA,2022-05-23,218.339996,226.653336,212.686661,224.966660,88903500
TSLA,2022-05-24,217.843338,217.973328,206.856674,209.386673,89092500
TSLA,2022-05-25,207.949997,223.106674,207.669998,219.600006,92139300
TSLA,2022-05-26,220.473328,239.556671,217.886673,235.910004,106003200
TSLA,2022-05-27,241.083328,253.266663,240.176666,253.210007,89295000
TSLA,2022-05-31,257.946655,259.600006,244.743332,252.753326,101914500
TSLA,2022-06-01,251.720001,257.326660,243.639999,246.789993,77247900
TSLA,2022-06-02,244.156662,264.209991,242.066666,258.333344,93473100
TSLA,2022-06-03,243.226669,247.796661,233.416672,234.516663,112393800
TSLA,2022-06-06,244.353333,244.866669,234.350006,238.279999,84204600
TSLA,2022-06-07,234.000000,239.996674,230.093338,238.886673,72808500
TSLA,2022-06-08,240.086670,249.963333,239.176666,241.866669,76210500
TSLA,2022-06-09,249.339996,255.546661,239.326660,239.706665,96491400
TSLA,2022-06-10,235.156662,239.500000,227.913330,232.229996,97536600
TSLA,2022-06-13,223.166672,226.633331,214.683334,215.736664,102767400
TSLA,2022-06-14,218.286667,226.330002,211.736664,220.889999,97988700
TSLA,2022-06-15,220.916672,235.663330,218.149994,233.000000,119131800
TSLA,2022-06-16,222.736664,225.166672,208.693329,213.100006,107390700
TSLA,2022-06-17,213.433334,220.970001,213.196671,216.759995,92641800
TSLA,2022-06-21,224.603333,243.576660,224.333328,237.036667,122793000
TSLA,2022-06-22,234.503326,246.833328,233.826660,236.086670,101107500
TSLA,2022-06-23,237.906662,239.316666,228.636673,235.070007,104202600
TSLA,2022-06-24,237.470001,246.066666,236.086670,245.706665,95770800
TSLA,2022-06-27,249.366669,252.070007,242.566666,244.919998,89178300
TSLA,2022-06-28,244.483337,249.970001,232.343338,232.663330,90391200
TSLA,2022-06-29,230.500000,231.173340,222.273331,228.490005,82897200
TSLA,2022-06-30,224.509995,229.456665,218.863327,224.473328,94600500
TSLA,2022-07-01,227.000000,230.229996,222.119995,227.263336,74460300
TSLA,2022-07-05,223.000000,233.146667,216.166672,233.066666,84581100
TSLA,2022-07-06,230.779999,234.563339,227.186661,231.733337,71853600
TSLA,2022-07-07,233.919998,245.363327,232.210007,244.543335,81930600
TSLA,2022-07-08,242.333328,254.979996,241.160004,250.763336,101854200
TSLA,2022-07-11,252.103333,253.063339,233.626663,234.343338,99241200
TSLA,2022-07-12,236.846664,239.773331,228.369995,233.070007,87930900
TSLA,2022-07-13,225.500000,242.059998,225.033340,237.039993,97954500
TSLA,2022-07-14,234.896667,238.653336,229.333328,238.313339,78557400
TSLA,2022-07-15,240.000000,243.623337,236.889999,240.066666,69683100
TSLA,2022-07-18,244.936661,250.516663,239.603333,240.546661,82537500
TSLA,2022-07-19,245.000000,247.139999,236.976669,245.529999,80890200
TSLA,2022-07-20,246.783340,250.663330,243.483337,247.500000,88864200
TSLA,2022-07-21,255.106674,273.266663,254.866669,271.706665,142032300
TSLA,2022-07-22,276.220001,280.786682,270.713318,272.243347,103472700
TSLA,2022-07-25,272.216675,274.146667,267.399994,268.433319,64073400
TSLA,2022-07-26,266.513336,267.309998,256.263336,258.859985,66820800
TSLA,2022-07-27,263.809998,275.926666,261.790009,274.820007,88110000
TSLA,2022-07-28,280.066681,283.299988,272.799988,280.899994,84723000
TSLA,2022-07-29,280.700012,298.320007,279.100006,297.149994,95313000
TSLA,2022-08-01,301.276672,311.876678,295.000000,297.276672,117042900
TSLA,2022-08-02,294.003326,307.833344,292.666656,300.586670,95577600
TSLA,2022-08-03,305.000000,309.549988,301.149994,307.396667,80091000
TSLA,2022-08-04,311.000000,313.606659,305.000000,308.633331,72256200
TSLA,2022-08-05,302.670013,304.606659,285.543335,288.170013,113172900
TSLA,2022-08-08,295.000000,305.200012,289.086670,290.423340,98994000
TSLA,2022-08-09,290.293335,292.396667,279.353333,283.333344,86244600
TSLA,2022-08-10,297.066681,297.510010,283.369995,294.356659,94918800
TSLA,2022-08-11,296.513336,298.236664,285.833344,286.630005,70155000
TSLA,2022-08-12,289.416656,300.160004,285.033325,300.029999,79657200
TSLA,2022-08-15,301.786682,313.133331,301.230011,309.320007,89359200
TSLA,2022-08-16,311.666656,314.666656,302.883331,306.563324,88136400
TSLA,2022-08-17,303.396667,309.656677,300.033325,303.996674,68766000
TSLA,2022-08-18,306.000000,306.500000,301.853333,302.869995,47500500
TSLA,2022-08-19,299.000000,300.359985,292.500000,296.666656,61395300
TSLA,2022-08-22,291.913330,292.399994,286.296661,289.913330,55843200
TSLA,2022-08-23,291.453339,298.826660,287.923340,296.453339,63984900
TSLA,2022-08-24,297.563324,303.646667,296.500000,297.096680,57259800
TSLA,2022-08-25,302.359985,302.959991,291.600006,296.070007,53230000
TSLA,2022-08-26,297.429993,302.000000,287.470001,288.089996,57163900
TSLA,2022-08-29,282.829987,287.739990,280.700012,284.820007,41864700
TSLA,2022-08-30,287.869995,288.480011,272.649994,277.700012,50541800
TSLA,2022-08-31,280.619995,281.250000,271.809998,275.609985,52107300
TSLA,2022-09-01,272.579987,277.579987,266.149994,277.160004,54287000
TSLA,2022-09-02,281.070007,282.350006,269.079987,270.209991,50890100
TSLA,2022-09-06,272.679993,275.989990,265.739990,274.420013,55860000
TSLA,2022-09-07,273.100006,283.839996,272.269989,283.700012,50028900
TSLA,2022-09-08,281.299988,289.500000,279.760010,289.260010,53713100
TSLA,2022-09-09,291.670013,299.850006,291.250000,299.679993,54338100
TSLA,2022-09-12,300.720001,305.489990,300.399994,304.420013,48674600
TSLA,2022-09-13,292.899994,297.399994,290.399994,292.130005,68229600
TSLA,2022-09-14,292.239990,306.000000,291.640015,302.609985,72628700
TSLA,2022-09-15,301.829987,309.119995,300.720001,303.750000,64795500
TSLA,2022-09-16,299.609985,303.709991,295.600006,303.350006,87087800
TSLA,2022-09-19,300.089996,309.839996,297.799988,309.070007,60231200
TSLA,2022-09-20,306.910004,313.329987,305.579987,308.730011,61642800
TSLA,2022-09-21,308.290009,313.799988,300.630005,300.799988,62555700
TSLA,2022-09-22,299.859985,301.290009,285.820007,288.589996,70545400
TSLA,2022-09-23,283.089996,284.500000,272.820007,275.329987,63748400
TSLA,2022-09-26,271.829987,284.089996,270.309998,276.010010,58076900
TSLA,2022-09-27,283.839996,288.670013,277.510010,282.940002,61925200
TSLA,2022-09-28,283.079987,289.000000,277.570007,287.809998,54664800
TSLA,2022-09-29,282.760010,283.649994,265.779999,268.209991,77620600
TSLA,2022-09-30,266.149994,275.570007,262.470001,265.250000,67726600
TSLA,2022-10-03,254.500000,255.160004,241.009995,242.399994,98363500
TSLA,2022-10-04,250.520004,257.500000,242.009995,249.440002,109578500
TSLA,2022-10-05,245.009995,246.669998,233.270004,240.809998,86982700
TSLA,2022-10-06,239.440002,244.580002,235.350006,238.130005,69298400
TSLA,2022-10-07,233.940002,234.570007,222.020004,223.070007,83916800
TSLA,2022-10-10,223.929993,226.990005,218.360001,222.960007,67925000
TSLA,2022-10-11,220.949997,225.750000,215.000000,216.500000,77013200
TSLA,2022-10-12,215.330002,219.300003,211.509995,217.240005,66860700
TSLA,2022-10-13,208.300003,222.990005,206.220001,221.720001,91483000
TSLA,2022-10-14,224.009995,226.259995,204.160004,204.990005,94124500
TSLA,2022-10-17,210.039993,221.860001,209.449997,219.350006,79428800
TSLA,2022-10-18,229.500000,229.820007,217.250000,220.190002,75891900
TSLA,2022-10-19,219.800003,222.929993,217.779999,222.039993,66571500
TSLA,2022-10-20,208.279999,215.550003,202.000000,207.279999,117798100
TSLA,2022-10-21,206.419998,214.660004,203.800003,214.440002,75713800
TSLA,2022-10-24,205.820007,213.500000,198.589996,211.250000,100446800
TSLA,2022-10-25,210.100006,224.350006,210.000000,222.419998,96507900
TSLA,2022-10-26,219.399994,230.600006,218.199997,224.639999,85012500
TSLA,2022-10-27,229.770004,233.809998,222.850006,225.089996,61638800
TSLA,2022-10-28,225.399994,228.860001,216.350006,228.520004,69152400
TSLA,2022-10-31,226.190002,229.850006,221.940002,227.539993,61554300
TSLA,2022-11-01,234.050003,237.399994,227.279999,227.820007,62688800
TSLA,2022-11-02,226.039993,227.869995,214.820007,214.979996,63070300
TSLA,2022-11-03,211.360001,221.199997,210.139999,215.309998,56538800
TSLA,2022-11-04,222.600006,223.800003,203.080002,207.470001,98622200
TSLA,2022-11-07,208.649994,208.899994,196.660004,197.080002,93916500
TSLA,2022-11-08,194.020004,195.199997,186.750000,191.300003,128803400
TSLA,2022-11-09,190.779999,195.889999,177.119995,177.589996,127062700
TSLA,2022-11-10,189.899994,191.000000,180.029999,190.720001,132703000
TSLA,2022-11-11,186.000000,196.520004,182.589996,195.970001,114403600
TSLA,2022-11-14,192.770004,195.729996,186.339996,190.949997,92226600
TSLA,2022-11-15,195.880005,200.820007,192.059998,194.419998,91293800
TSLA,2022-11-16,191.509995,192.570007,185.660004,186.919998,66567600
TSLA,2022-11-17,183.960007,186.160004,180.899994,183.169998,64336000
TSLA,2022-11-18,185.050003,185.190002,176.550003,180.190002,76048900
TSLA,2022-11-21,175.850006,176.770004,167.539993,167.869995,92882700
TSLA,2022-11-22,168.630005,170.919998,166.190002,169.910004,78452300
TSLA,2022-11-23,173.570007,183.619995,172.500000,183.199997,109536700
TSLA,2022-11-25,185.059998,185.199997,180.630005,182.860001,50672700
TSLA,2022-11-28,179.960007,188.500000,179.000000,182.919998,92905200
TSLA,2022-11-29,184.990005,186.380005,178.750000,180.830002,83357100
TSLA,2022-11-30,182.429993,194.759995,180.630005,194.699997,109186400
TSLA,2022-12-01,197.080002,198.919998,191.800003,194.699997,80046200
TSLA,2022-12-02,191.779999,196.250000,191.110001,194.860001,73645900
TSLA,2022-12-05,189.440002,191.270004,180.550003,182.449997,93122700
TSLA,2022-12-06,181.220001,183.649994,175.330002,179.820007,92150800
TSLA,2022-12-07,175.029999,179.380005,172.220001,174.039993,84213300
TSLA,2022-12-08,172.199997,175.199997,169.059998,173.440002,97624500
TSLA,2022-12-09,173.839996,182.500000,173.360001,179.050003,104872300
TSLA,2022-12-12,176.100006,177.369995,167.520004,167.820007,109794500
TSLA,2022-12-13,174.869995,175.050003,156.910004,160.949997,175862700
TSLA,2022-12-14,159.250000,161.619995,155.309998,156.800003,140682300
TSLA,2022-12-15,153.440002,160.929993,153.279999,157.669998,122334500
TSLA,2022-12-16,159.639999,160.990005,150.039993,150.229996,139032200
TSLA,2022-12-19,154.000000,155.250000,145.820007,149.869995,139390600
TSLA,2022-12-20,146.050003,148.470001,137.660004,137.800003,159563300
TSLA,2022-12-21,139.339996,141.259995,135.889999,137.570007,145417400
TSLA,2022-12-22,136.000000,136.630005,122.260002,125.349998,210090300
TSLA,2022-12-23,126.370003,128.619995,121.019997,123.150002,166989700
TSLA,2022-12-27,117.500000,119.669998,108.760002,109.099998,208643400
TSLA,2022-12-28,110.349998,116.269997,108.239998,112.709999,221070500
TSLA,2022-12-29,120.389999,123.570000,117.500000,121.820000,221923300
TSLA,2022-12-30,119.949997,124.480003,119.750000,123.180000,157777300
TSLA,2023-01-03,118.470001,118.800003,104.639999,108.099998,231402800
TSLA,2023-01-04,109.110001,114.589996,107.519997,113.639999,180389000
TSLA,2023-01-05,110.510002,111.750000,107.160004,110.339996,157986300
TSLA,2023-01-06,103.000000,114.389999,101.809998,113.059998,220911100
TSLA,2023-01-09,118.959999,123.519997,117.110001,119.769997,190284000
TSLA,2023-01-10,121.070000,122.760002,114.919998,118.849998,167642500
TSLA,2023-01-11,122.089996,125.949997,120.510002,123.220001,183810800
TSLA,2023-01-12,122.559998,124.129997,117.000000,123.559998,169400900
TSLA,2023-01-13,116.550003,122.629997,115.599998,122.400002,180714100
TSLA,2023-01-17,125.699997,131.699997,125.019997,131.490005,186477000
TSLA,2023-01-18,136.559998,136.679993,127.010002,128.779999,195680300
TSLA,2023-01-19,127.260002,129.990005,124.309998,127.169998,170291900
TSLA,2023-01-20,128.679993,133.509995,127.349998,133.419998,138858100
TSLA,2023-01-23,135.869995,145.380005,134.270004,143.750000,203119200
TSLA,2023-01-24,143.000000,146.500000,141.100006,143.889999,158699100
TSLA,2023-01-25,141.910004,146.410004,138.070007,144.429993,192734300
TSLA,2023-01-26,159.970001,161.419998,154.759995,160.270004,234815100
TSLA,2023-01-27,162.429993,180.679993,161.169998,177.899994,306590600
TSLA,2023-01-30,178.050003,179.770004,166.500000,166.660004,230878800
TSLA,2023-01-31,164.570007,174.300003,162.779999,173.220001,196813500
TSLA,2023-02-01,173.889999,183.809998,169.929993,181.410004,213806300
TSLA,2023-02-02,187.330002,196.750000,182.610001,188.270004,217448300
TSLA,2023-02-03,183.949997,199.000000,183.690002,189.979996,232662000
TSLA,2023-02-06,193.009995,198.169998,189.919998,194.759995,186188100
TSLA,2023-02-07,196.429993,197.500000,189.550003,196.809998,186010300
TSLA,2023-02-08,196.100006,203.000000,194.309998,201.289993,180673600
TSLA,2023-02-09,207.779999,214.000000,204.770004,207.320007,215431400
TSLA,2023-02-10,202.229996,206.199997,192.889999,196.889999,204754100
TSLA,2023-02-13,194.419998,196.300003,187.610001,194.639999,172475500
TSLA,2023-02-14,191.940002,209.820007,189.440002,209.250000,216455700
TSLA,2023-02-15,211.759995,214.660004,206.110001,214.240005,181006400
TSLA,2023-02-16,210.779999,217.649994,201.839996,202.039993,229586500
TSLA,2023-02-17,199.990005,208.440002,197.500000,208.309998,213738500
TSLA,2023-02-21,204.990005,209.710007,197.220001,197.369995,180018600
TSLA,2023-02-22,197.929993,201.990005,191.779999,200.860001,191828500
TSLA,2023-02-23,203.910004,205.139999,196.330002,202.070007,146360000
TSLA,2023-02-24,196.330002,197.669998,192.800003,196.880005,142228100
TSLA,2023-02-27,202.029999,209.419998,201.259995,207.630005,161028300
TSLA,2023-02-28,210.589996,211.229996,203.750000,205.710007,153144900
TSLA,2023-03-01,206.210007,207.199997,198.520004,202.770004,156852800
TSLA,2023-03-02,186.740005,193.750000,186.009995,190.899994,181500700
TSLA,2023-03-03,194.800003,200.479996,192.880005,197.789993,154193300
TSLA,2023-03-06,198.539993,198.600006,192.300003,193.809998,128100100
TSLA,2023-03-07,191.380005,194.199997,186.100006,187.710007,148125800
TSLA,2023-03-08,185.039993,186.500000,180.000000,182.000000,151897800
TSLA,2023-03-09,180.250000,185.179993,172.509995,172.919998,170023800
TSLA,2023-03-10,175.130005,178.289993,168.440002,173.440002,191488900
TSLA,2023-03-13,167.460007,177.350006,163.910004,174.479996,167790300
TSLA,2023-03-14,177.309998,183.800003,177.139999,183.259995,143717900
TSLA,2023-03-15,180.800003,182.339996,176.029999,180.449997,145995600
TSLA,2023-03-16,180.369995,185.809998,178.839996,184.130005,121136800
TSLA,2023-03-17,184.520004,186.220001,177.330002,180.130005,133197100
TSLA,2023-03-20,178.080002,186.440002,176.350006,183.250000,129684400
TSLA,2023-03-21,188.279999,198.000000,188.039993,197.580002,153391400
TSLA,2023-03-22,199.300003,200.660004,190.949997,191.149994,150376400
TSLA,2023-03-23,195.259995,199.309998,188.649994,192.220001,144193900
TSLA,2023-03-24,191.649994,192.360001,187.149994,190.410004,116312400
TSLA,2023-03-27,194.419998,197.389999,189.940002,191.809998,120851600
TSLA,2023-03-28,192.000000,192.350006,185.429993,189.190002,98654600
TSLA,2023-03-29,193.130005,195.289993,189.440002,193.880005,123660000
TSLA,2023-03-30,195.580002,197.330002,194.419998,195.279999,110252200
TSLA,2023-03-31,197.529999,207.789993,197.199997,207.460007,170222100
TSLA,2023-04-03,199.910004,202.690002,192.199997,194.770004,169545900
TSLA,2023-04-04,197.320007,198.740005,190.320007,192.580002,126463800
TSLA,2023-04-05,190.520004,190.679993,183.759995,185.520004,133882500
TSLA,2023-04-06,183.080002,186.389999,179.740005,185.059998,123857900
TSLA,2023-04-10,179.940002,185.100006,176.110001,184.509995,142154600
TSLA,2023-04-11,186.690002,189.190002,185.649994,186.789993,115770900
TSLA,2023-04-12,190.740005,191.580002,180.309998,180.539993,150256300
TSLA,2023-04-13,182.960007,186.500000,180.940002,185.899994,112933000
TSLA,2023-04-14,183.949997,186.279999,182.009995,185.000000,96438700
TSLA,2023-04-17,186.320007,189.690002,182.690002,187.039993,116662200
TSLA,2023-04-18,187.149994,187.690002,183.580002,184.309998,92067000
TSLA,2023-04-19,179.100006,183.500000,177.649994,180.589996,125732700
TSLA,2023-04-20,166.169998,169.699997,160.559998,162.990005,210970800
TSLA,2023-04-21,164.800003,166.000000,161.320007,165.080002,123539000
TSLA,2023-04-24,164.649994,165.649994,158.610001,162.550003,140006600
TSLA,2023-04-25,159.820007,163.470001,158.750000,160.669998,121999300
TSLA,2023-04-26,160.289993,160.669998,153.139999,153.750000,153364100
TSLA,2023-04-27,152.639999,160.479996,152.369995,160.190002,127015200
TSLA,2023-04-28,160.899994,165.000000,157.320007,164.309998,122515800
TSLA,2023-05-01,163.169998,163.279999,158.830002,161.830002,109015000
TSLA,2023-05-02,161.880005,165.490005,158.929993,160.309998,128259700
TSLA,2023-05-03,160.009995,165.000000,159.910004,160.610001,119728000
TSLA,2023-05-04,162.710007,162.949997,159.649994,161.199997,95108500
TSLA,2023-05-05,163.970001,170.789993,163.509995,170.059998,107607300
TSLA,2023-05-08,173.720001,173.800003,169.190002,171.789993,112249400
TSLA,2023-05-09,168.949997,169.820007,166.559998,169.149994,88965000
TSLA,2023-05-10,172.550003,174.429993,166.679993,168.539993,119840700
TSLA,2023-05-11,168.699997,173.570007,166.789993,172.080002,103889900
TSLA,2023-05-12,176.070007,177.380005,167.229996,167.979996,157849600
TSLA,2023-05-15,167.660004,169.759995,164.550003,166.350006,105592500
TSLA,2023-05-16,165.649994,169.520004,164.350006,166.520004,98288800
TSLA,2023-05-17,168.410004,174.500000,167.190002,173.860001,125473600
TSLA,2023-05-18,174.220001,177.059998,172.449997,176.889999,109520300
TSLA,2023-05-19,177.169998,181.949997,176.309998,180.139999,136196700
TSLA,2023-05-22,180.699997,189.320007,180.110001,188.869995,132001400
TSLA,2023-05-23,186.199997,192.960007,185.259995,185.770004,156952100
TSLA,2023-05-24,182.229996,184.220001,178.220001,182.899994,137605100
TSLA,2023-05-25,186.539993,186.779999,180.580002,184.470001,96870700
TSLA,2023-05-26,184.619995,198.600006,184.529999,193.169998,162061500
TSLA,2023-05-30,200.100006,204.479996,197.529999,201.160004,128818700
TSLA,2023-05-31,199.779999,203.949997,195.119995,203.929993,150711700
TSLA,2023-06-01,202.589996,209.800003,199.369995,207.520004,148029900
TSLA,2023-06-02,210.149994,217.250000,209.750000,213.970001,164398400
TSLA,2023-06-05,217.800003,221.289993,214.520004,217.610001,151143100
TSLA,2023-06-06,216.139999,221.910004,212.529999,221.309998,146911600
TSLA,2023-06-07,228.000000,230.830002,223.199997,224.570007,185710800
TSLA,2023-06-08,224.220001,235.229996,223.009995,234.860001,164489700
TSLA,2023-06-09,249.070007,252.419998,242.020004,244.399994,200242400
TSLA,2023-06-12,247.940002,250.970001,244.589996,249.830002,150337900
TSLA,2023-06-13,253.509995,259.679993,251.339996,258.709991,162384300
TSLA,2023-06-14,260.170013,261.570007,250.500000,256.790009,170575500
TSLA,2023-06-15,248.399994,258.950012,247.289993,255.899994,160171200
TSLA,2023-06-16,258.920013,263.600006,257.209991,260.540009,167915600
TSLA,2023-06-20,261.500000,274.750000,261.119995,274.450012,165611200
TSLA,2023-06-21,275.130005,276.989990,257.779999,259.459991,211797100
TSLA,2023-06-22,250.770004,265.000000,248.250000,264.609985,166875900
TSLA,2023-06-23,259.290009,262.450012,252.800003,256.600006,177460800
TSLA,2023-06-26,250.070007,258.369995,240.699997,241.050003,179990600
TSLA,2023-06-27,243.240005,250.389999,240.850006,250.210007,164968200
TSLA,2023-06-28,249.699997,259.880005,248.889999,256.239990,159770800
TSLA,2023-06-29,258.029999,260.739990,253.610001,257.500000,131283400
TSLA,2023-06-30,260.600006,264.450012,259.890015,261.769989,112620800
TSLA,2023-07-03,276.489990,284.250000,275.109985,279.820007,119685900
TSLA,2023-07-05,278.820007,283.850006,277.600006,282.480011,131530900
TSLA,2023-07-06,278.089996,279.970001,272.880005,276.540009,120332100
TSLA,2023-07-07,278.429993,280.779999,273.769989,274.429993,113879200
TSLA,2023-07-10,276.470001,277.519989,265.100006,269.609985,119425400
TSLA,2023-07-11,268.649994,270.899994,266.369995,269.790009,91972400
TSLA,2023-07-12,276.329987,276.519989,271.459991,271.989990,95672100
TSLA,2023-07-13,274.589996,279.450012,270.600006,277.899994,112681500
TSLA,2023-07-14,277.010010,285.299988,276.309998,281.380005,120062400
TSLA,2023-07-17,286.630005,292.230011,283.570007,290.380005,131569600
TSLA,2023-07-18,290.149994,295.260010,286.010010,293.339996,112120300
TSLA,2023-07-19,296.040009,299.290009,289.519989,291.260010,142355400
TSLA,2023-07-20,279.559998,280.929993,261.200012,262.899994,175158300
TSLA,2023-07-21,268.000000,268.000000,255.800003,260.019989,161796100
TSLA,2023-07-24,255.850006,269.850006,254.119995,269.059998,136508500
TSLA,2023-07-25,272.380005,272.899994,265.000000,265.279999,112757300
TSLA,2023-07-26,263.250000,268.040009,261.750000,264.350006,95856200
TSLA,2023-07-27,268.309998,269.130005,255.300003,255.710007,103697300
TSLA,2023-07-28,259.859985,267.250000,258.230011,266.440002,111446000
TSLA,2023-07-31,267.480011,269.079987,263.779999,267.429993,84582200
TSLA,2023-08-01,266.260010,266.470001,260.250000,261.070007,83166000
TSLA,2023-08-02,255.570007,259.519989,250.490005,254.110001,101752900
TSLA,2023-08-03,252.039993,260.489990,252.000000,259.320007,97569100
TSLA,2023-08-04,260.970001,264.769989,253.110001,253.860001,99539900
TSLA,2023-08-07,251.449997,253.649994,242.759995,251.449997,111097900
TSLA,2023-08-08,247.449997,250.919998,245.009995,249.699997,96642200
TSLA,2023-08-09,250.869995,251.100006,241.899994,242.190002,101596300
TSLA,2023-08-10,245.399994,251.800003,243.000000,245.339996,109498600
TSLA,2023-08-11,241.770004,243.789993,238.020004,242.649994,99038600
TSLA,2023-08-14,235.699997,240.660004,233.750000,239.759995,98595300
TSLA,2023-08-15,238.729996,240.500000,232.610001,232.960007,88197600
TSLA,2023-08-16,228.020004,233.970001,225.380005,225.600006,112484500
TSLA,2023-08-17,226.059998,226.740005,218.830002,219.220001,120718400
TSLA,2023-08-18,214.119995,217.580002,212.360001,215.490005,136276600
TSLA,2023-08-21,221.550003,232.130005,220.580002,231.279999,135702700
TSLA,2023-08-22,240.250000,240.820007,229.550003,233.190002,130442800
TSLA,2023-08-23,229.339996,238.979996,229.289993,236.860001,101077600
TSLA,2023-08-24,238.660004,238.919998,228.179993,230.039993,99777400
TSLA,2023-08-25,231.309998,239.000000,230.350006,238.589996,106612200
TSLA,2023-08-28,242.580002,244.380005,235.350006,238.820007,107673700
TSLA,2023-08-29,238.580002,257.480011,237.770004,257.179993,134047600
TSLA,2023-08-30,254.199997,260.510010,250.589996,256.899994,121988400
TSLA,2023-08-31,255.979996,261.179993,255.050003,258.079987,108861700
TSLA,2023-09-01,257.260010,259.079987,242.009995,245.009995,132541600
TSLA,2023-09-05,245.000000,258.000000,244.860001,256.489990,129469600
TSLA,2023-09-06,255.139999,255.389999,245.059998,251.919998,116959800
TSLA,2023-09-07,245.070007,252.809998,243.270004,251.490005,115312900
TSLA,2023-09-08,251.220001,256.519989,246.669998,248.500000,118367700
TSLA,2023-09-11,264.269989,274.850006,260.609985,273.579987,174667900
TSLA,2023-09-12,270.760010,278.390015,266.600006,267.480011,135999900
TSLA,2023-09-13,270.070007,274.980011,268.100006,271.299988,111673700
TSLA,2023-09-14,271.320007,276.709991,270.420013,276.040009,107709800
TSLA,2023-09-15,277.549988,278.980011,271.000000,274.390015,133692300
TSLA,2023-09-18,271.160004,271.440002,263.760010,265.279999,101543300
TSLA,2023-09-19,264.350006,267.850006,261.200012,266.500000,103704000
TSLA,2023-09-20,267.040009,273.929993,262.459991,262.589996,122514600
TSLA,2023-09-21,257.850006,260.859985,254.210007,255.699997,119951500
TSLA,2023-09-22,257.399994,257.790009,244.479996,244.880005,127524100
TSLA,2023-09-25,243.380005,247.100006,238.309998,246.990005,104636600
TSLA,2023-09-26,242.979996,249.550003,241.660004,244.119995,101993600
TSLA,2023-09-27,244.259995,245.330002,234.580002,240.500000,136597200
TSLA,2023-09-28,240.020004,247.550003,238.649994,246.380005,117058900
TSLA,2023-09-29,250.000000,254.770004,246.350006,250.220001,128522700
TSLA,2023-10-02,244.809998,254.279999,242.619995,251.600006,123810400
TSLA,2023-10-03,248.610001,250.020004,244.449997,246.529999,101985300
TSLA,2023-10-04,248.139999,261.859985,247.600006,261.160004,129721600
TSLA,2023-10-05,260.000000,263.600006,256.250000,260.049988,119159200
TSLA,2023-10-06,253.979996,261.649994,250.649994,260.529999,118121800
TSLA,2023-10-09,255.309998,261.359985,252.050003,259.670013,101377900
TSLA,2023-10-10,257.750000,268.940002,257.649994,263.619995,122656000
TSLA,2023-10-11,266.200012,268.600006,260.899994,262.989990,103706300
TSLA,2023-10-12,262.920013,265.410004,256.630005,258.869995,111508100
TSLA,2023-10-13,258.899994,259.600006,250.220001,251.119995,102073800
TSLA,2023-10-16,250.050003,255.399994,248.479996,253.919998,88917200
TSLA,2023-10-17,250.100006,257.179993,247.080002,254.850006,93562900
TSLA,2023-10-18,252.699997,254.630005,242.080002,242.679993,125147800
TSLA,2023-10-19,225.949997,230.610001,216.779999,220.110001,170772700
TSLA,2023-10-20,217.009995,218.860001,210.419998,211.990005,138010100
TSLA,2023-10-23,210.000000,216.979996,202.509995,212.080002,150683400
TSLA,2023-10-24,216.500000,222.050003,214.110001,216.520004,118231100
TSLA,2023-10-25,215.880005,220.100006,212.199997,212.419998,107065100
TSLA,2023-10-26,211.320007,214.800003,204.880005,205.759995,115112600
TSLA,2023-10-27,210.600006,212.410004,205.770004,207.300003,94881200
TSLA,2023-10-30,209.279999,210.880005,194.669998,197.360001,136448200
TSLA,2023-10-31,196.119995,202.800003,194.070007,200.839996,118068300
TSLA,2023-11-01,204.039993,205.990005,197.850006,205.660004,121661700
TSLA,2023-11-02,212.970001,219.199997,211.449997,218.509995,125987600
TSLA,2023-11-03,221.149994,226.369995,218.399994,219.960007,119534800
TSLA,2023-11-06,223.979996,226.320007,215.000000,219.270004,117335800
TSLA,2023-11-07,219.979996,223.119995,215.720001,222.179993,116900100
TSLA,2023-11-08,223.149994,224.149994,217.639999,222.110001,106584800
TSLA,2023-11-09,219.750000,220.800003,206.679993,209.979996,142110500
TSLA,2023-11-10,210.029999,215.380005,205.690002,214.649994,130994000
TSLA,2023-11-13,215.600006,225.399994,211.610001,223.710007,140447600
TSLA,2023-11-14,235.029999,238.139999,230.720001,237.410004,149771600
TSLA,2023-11-15,239.289993,246.699997,236.449997,242.839996,150354000
TSLA,2023-11-16,239.490005,240.880005,230.960007,233.589996,136816800
TSLA,2023-11-17,232.000000,237.389999,226.539993,234.300003,142532800
TSLA,2023-11-20,234.039993,237.100006,231.020004,235.600006,116320100
TSLA,2023-11-21,235.039993,243.619995,233.339996,241.199997,122288000
TSLA,2023-11-22,242.039993,244.009995,231.399994,234.210007,117950600
TSLA,2023-11-24,233.750000,238.750000,232.330002,235.449997,65125200
TSLA,2023-11-27,236.889999,238.330002,232.100006,236.080002,112031800
TSLA,2023-11-28,236.679993,247.000000,234.009995,246.720001,148549900
TSLA,2023-11-29,249.210007,252.750000,242.759995,244.139999,135401300
TSLA,2023-11-30,245.139999,245.220001,236.910004,240.080002,132353200
TSLA,2023-12-01,233.139999,240.190002,231.899994,238.830002,121331700
TSLA,2023-12-04,235.750000,239.369995,233.289993,235.580002,104099800
TSLA,2023-12-05,233.869995,246.660004,233.699997,238.720001,137971100
TSLA,2023-12-06,242.919998,246.570007,239.169998,239.369995,126436200
TSLA,2023-12-07,241.550003,244.080002,236.979996,242.639999,107142300
TSLA,2023-12-08,240.270004,245.270004,239.270004,243.839996,103126800
TSLA,2023-12-11,242.740005,243.440002,237.449997,239.740005,97913900
TSLA,2023-12-12,238.550003,238.990005,233.869995,237.009995,95328300
TSLA,2023-12-13,234.190002,240.300003,228.199997,239.289993,146286300
TSLA,2023-12-14,241.220001,253.880005,240.789993,251.050003,160829200
TSLA,2023-12-15,251.210007,254.130005,248.300003,253.500000,135932800
TSLA,2023-12-18,253.779999,258.739990,251.360001,252.080002,116416500
TSLA,2023-12-19,253.479996,258.339996,253.009995,257.220001,106737400
TSLA,2023-12-20,256.410004,259.839996,247.000000,247.139999,125097000
TSLA,2023-12-21,251.899994,254.800003,248.550003,254.500000,109594200
TSLA,2023-12-22,256.760010,258.220001,251.369995,252.539993,93370100
TSLA,2023-12-26,254.490005,257.970001,252.910004,256.609985,86892400
TSLA,2023-12-27,258.350006,263.339996,257.519989,261.440002,106494400
TSLA,2023-12-28,263.660004,265.130005,252.710007,253.179993,113619900
TSLA,2023-12-29,255.100006,255.190002,247.429993,248.479996,100891600
TSLA,2024-01-02,250.080002,251.250000,244.410004,248.419998,104654200
TSLA,2024-01-03,244.979996,245.679993,236.320007,238.449997,121082600
TSLA,2024-01-04,239.250000,242.699997,237.729996,237.929993,102629300
TSLA,2024-01-05,236.860001,240.119995,234.899994,237.490005,92488900
TSLA,2024-01-08,236.139999,241.250000,235.300003,240.449997,85166600
TSLA,2024-01-09,238.110001,238.960007,232.039993,234.960007,96705700
TSLA,2024-01-10,235.100006,235.500000,231.289993,233.940002,91628500
TSLA,2024-01-11,230.570007,230.929993,225.369995,227.220001,105873600
TSLA,2024-01-12,220.080002,225.339996,217.149994,218.889999,123043800
TSLA,2024-01-16,215.100006,223.490005,212.179993,219.910004,115355000
TSLA,2024-01-17,214.860001,215.669998,212.009995,215.550003,103164400
TSLA,2024-01-18,216.880005,217.449997,208.740005,211.880005,108595400
TSLA,2024-01-19,209.990005,213.190002,207.559998,212.190002,102260300
TSLA,2024-01-22,212.259995,217.800003,206.270004,208.800003,117952500
TSLA,2024-01-23,211.300003,215.649994,207.750000,209.139999,106605900
TSLA,2024-01-24,211.880005,212.729996,206.770004,207.830002,123369900
TSLA,2024-01-25,189.699997,193.000000,180.059998,182.630005,198076800
TSLA,2024-01-26,185.500000,186.779999,182.100006,183.250000,107343200
TSLA,2024-01-29,185.630005,191.479996,183.669998,190.929993,125013100
TSLA,2024-01-30,195.330002,196.360001,190.610001,191.589996,109982300
TSLA,2024-01-31,187.000000,193.970001,185.850006,187.289993,103221400
TSLA,2024-02-01,188.500000,189.880005,184.279999,188.860001,91843300
TSLA,2024-02-02,185.039993,188.690002,182.000000,187.910004,110612700
TSLA,2024-02-05,184.259995,184.679993,175.009995,181.059998,134294400
TSLA,2024-02-06,177.210007,186.490005,177.110001,185.100006,122676000
TSLA,2024-02-07,188.179993,189.789993,182.679993,187.580002,111535200
TSLA,2024-02-08,189.000000,191.619995,185.580002,189.559998,83034000
TSLA,2024-02-09,190.179993,194.119995,189.479996,193.570007,84476300
TSLA,2024-02-12,192.110001,194.729996,187.279999,188.130005,95498600
TSLA,2024-02-13,183.990005,187.259995,182.110001,184.020004,86759500
TSLA,2024-02-14,185.300003,188.889999,183.350006,188.710007,81203000
TSLA,2024-02-15,189.160004,200.880005,188.860001,200.449997,120831800
TSLA,2024-02-16,202.059998,203.169998,197.399994,199.949997,111346700
TSLA,2024-02-20,196.130005,198.600006,189.130005,193.759995,104545800
TSLA,2024-02-21,193.360001,199.440002,191.949997,194.770004,103500300
TSLA,2024-02-22,194.000000,198.320007,191.360001,197.410004,92739500
TSLA,2024-02-23,195.309998,197.570007,191.500000,191.970001,78841900
TSLA,2024-02-26,192.289993,201.779999,192.000000,199.399994,111747100
TSLA,2024-02-27,204.039993,205.600006,198.259995,199.729996,108645400
TSLA,2024-02-28,200.419998,205.300003,198.440002,202.039993,99806200
TSLA,2024-02-29,204.179993,205.279999,198.449997,201.880005,85907000
TSLA,2024-03-01,200.520004,204.520004,198.500000,202.639999,82243100
TSLA,2024-03-04,198.729996,199.750000,186.720001,188.139999,134334900
TSLA,2024-03-05,183.050003,184.589996,177.570007,180.740005,119660800
TSLA,2024-03-06,179.990005,181.580002,173.699997,176.539993,107920900
TSLA,2024-03-07,174.350006,180.039993,173.699997,178.649994,102129000
TSLA,2024-03-08,181.500000,182.729996,174.699997,175.339996,85544600
TSLA,2024-03-11,175.449997,182.869995,174.800003,177.770004,85391500
TSLA,2024-03-12,177.770004,179.429993,172.410004,177.539993,87391700
TSLA,2024-03-13,173.050003,176.050003,169.149994,169.479996,106524500
TSLA,2024-03-14,167.770004,171.169998,160.509995,162.500000,126325700
TSLA,2024-03-15,163.160004,165.179993,160.759995,163.570007,97146800
TSLA,2024-03-18,170.020004,174.720001,165.899994,173.800003,108214400
TSLA,2024-03-19,172.360001,172.820007,167.419998,171.320007,77271400
TSLA,2024-03-20,173.000000,176.250000,170.820007,175.660004,83846700
TSLA,2024-03-21,176.389999,178.179993,171.800003,172.820007,73178000
TSLA,2024-03-22,166.690002,171.199997,166.300003,170.830002,75580600
TSLA,2024-03-25,168.759995,175.240005,168.729996,172.630005,74228600
TSLA,2024-03-26,178.580002,184.250000,177.380005,177.669998,113186200
TSLA,2024-03-27,181.410004,181.910004,176.000000,179.830002,81804000
TSLA,2024-03-28,177.449997,179.570007,175.300003,175.789993,77654800
TSLA,2024-04-01,176.169998,176.750000,170.210007,175.220001,81562100
TSLA,2024-04-02,164.750000,167.690002,163.429993,166.630005,116650600
TSLA,2024-04-03,164.020004,168.820007,163.279999,168.380005,82950100
TSLA,2024-04-04,170.070007,177.190002,168.009995,171.110001,123162000
TSLA,2024-04-05,169.080002,170.860001,160.509995,164.899994,143157600
TSLA,2024-04-08,169.339996,174.500000,167.789993,172.979996,104423300
TSLA,2024-04-09,172.910004,179.220001,171.919998,176.880005,102951700
TSLA,2024-04-10,173.039993,174.929993,170.009995,171.759995,84532400
TSLA,2024-04-11,172.550003,175.880005,168.509995,174.600006,94516000
TSLA,2024-04-12,172.339996,173.809998,170.360001,171.050003,64722700
TSLA,2024-04-15,170.240005,170.690002,161.380005,161.479996,100245300
TSLA,2024-04-16,156.740005,158.190002,153.750000,157.110001,97000000
TSLA,2024-04-17,157.639999,158.330002,153.779999,155.449997,82439700
TSLA,2024-04-18,151.250000,152.199997,148.699997,149.929993,96098800
TSLA,2024-04-19,148.970001,150.940002,146.220001,147.050003,87074500
TSLA,2024-04-22,140.559998,144.440002,138.800003,142.050003,107097600
TSLA,2024-04-23,143.330002,147.259995,141.110001,144.679993,124545100
TSLA,2024-04-24,162.839996,167.970001,157.509995,162.130005,181178000
TSLA,2024-04-25,158.960007,170.880005,158.360001,170.179993,126427500
TSLA,2024-04-26,168.850006,172.119995,166.369995,168.289993,109815700
TSLA,2024-04-29,188.419998,198.869995,184.539993,194.050003,243869700
TSLA,2024-04-30,186.979996,190.949997,182.839996,183.279999,127031800
TSLA,2024-05-01,182.000000,185.860001,179.009995,179.990005,92829700
TSLA,2024-05-02,182.860001,184.600006,176.020004,180.009995,89148000
TSLA,2024-05-03,182.100006,184.779999,178.419998,181.190002,75491500
TSLA,2024-05-06,183.800003,187.559998,182.199997,184.759995,84390300
TSLA,2024-05-07,182.399994,183.259995,177.399994,177.809998,75045900
TSLA,2024-05-08,171.589996,176.059998,170.149994,174.720001,79969500
TSLA,2024-05-09,175.009995,175.619995,171.369995,171.970001,65950300
TSLA,2024-05-10,173.050003,173.059998,167.750000,168.470001,72627200
TSLA,2024-05-13,170.000000,175.399994,169.000000,171.889999,67018900
TSLA,2024-05-14,174.500000,179.490005,174.070007,177.550003,86407400
TSLA,2024-05-15,179.899994,180.000000,173.110001,173.990005,79663000
TSLA,2024-05-16,174.100006,175.789993,171.429993,174.839996,59812200
TSLA,2024-05-17,173.550003,179.630005,172.750000,177.460007,77445800
TSLA,2024-05-20,177.559998,177.750000,173.520004,174.949997,61727400
TSLA,2024-05-21,175.509995,186.880005,174.710007,186.600006,115266500
TSLA,2024-05-22,182.850006,183.800003,178.119995,180.110001,88313500
TSLA,2024-05-23,181.800003,181.899994,173.259995,173.740005,71975500
TSLA,2024-05-24,174.839996,180.080002,173.729996,179.240005,65584500
TSLA,2024-05-28,176.399994,178.250000,173.160004,176.750000,59736600
TSLA,2024-05-29,174.190002,178.149994,173.929993,176.190002,54782600
TSLA,2024-05-30,178.580002,182.669998,175.380005,178.789993,77618400
TSLA,2024-05-31,178.500000,180.320007,173.820007,178.080002,67314600
TSLA,2024-06-03,178.130005,182.639999,174.490005,176.289993,68568900
TSLA,2024-06-04,174.779999,177.759995,174.000000,174.770004,60056300
TSLA,2024-06-05,175.350006,176.149994,172.130005,175.000000,57953800
TSLA,2024-06-06,174.600006,179.729996,172.729996,177.940002,69887000
TSLA,2024-06-07,176.130005,179.350006,175.580002,177.479996,56244900
TSLA,2024-06-10,176.059998,178.570007,173.169998,173.789993,50774600
TSLA,2024-06-11,173.919998,174.750000,167.410004,170.660004,64761900
TSLA,2024-06-12,171.119995,180.550003,169.800003,177.289993,90389400
TSLA,2024-06-13,188.389999,191.080002,181.229996,182.470001,118984100
TSLA,2024-06-14,185.800003,186.000000,176.919998,178.009995,82038200
TSLA,2024-06-17,177.919998,188.809998,177.000000,187.440002,109786100
TSLA,2024-06-18,186.559998,187.199997,182.369995,184.860001,68982300
TSLA,2024-06-20,184.679993,185.210007,179.660004,181.570007,55893100
TSLA,2024-06-21,182.300003,183.949997,180.690002,183.009995,61937300
TSLA,2024-06-24,184.970001,188.800003,182.550003,182.580002,61992100
TSLA,2024-06-25,184.399994,187.970001,182.009995,187.350006,62905700
TSLA,2024-06-26,186.539993,197.759995,186.360001,196.369995,95737100
TSLA,2024-06-27,195.169998,198.720001,194.050003,197.419998,72746500
TSLA,2024-06-28,199.550003,203.199997,195.259995,197.880005,95438100
TSLA,2024-07-01,201.020004,213.229996,200.850006,209.860001,135691400
TSLA,2024-07-02,218.889999,231.300003,218.059998,231.259995,205047900
TSLA,2024-07-03,234.559998,248.350006,234.250000,246.389999,166561500
TSLA,2024-07-05,249.809998,252.369995,242.460007,251.520004,154501200
TSLA,2024-07-08,247.710007,259.440002,244.570007,252.940002,157219600
TSLA,2024-07-09,251.000000,265.609985,250.300003,262.329987,160210900
TSLA,2024-07-10,262.799988,267.589996,257.859985,263.260010,128519400
TSLA,2024-07-11,263.299988,271.000000,239.649994,241.029999,221707300
TSLA,2024-07-12,235.800003,251.839996,233.089996,248.229996,155955800
TSLA,2024-07-15,255.970001,265.600006,251.729996,252.639999,146912900
TSLA,2024-07-16,255.309998,258.619995,245.800003,256.559998,126332500
TSLA,2024-07-17,252.729996,258.470001,246.179993,248.500000,115584800
TSLA,2024-07-18,251.089996,257.140015,247.199997,249.229996,110869000
TSLA,2024-07-19,247.789993,249.440002,236.830002,239.199997,87403900
TSLA,2024-07-22,244.210007,253.210007,243.750000,251.509995,101225400
TSLA,2024-07-23,253.600006,255.759995,245.630005,246.380005,111928200
TSLA,2024-07-24,225.419998,225.990005,214.710007,215.990005,167942900
TSLA,2024-07-25,216.800003,226.000000,216.229996,220.250000,100636500
TSLA,2024-07-26,221.190002,222.279999,215.330002,219.800003,94604100
TSLA,2024-07-29,224.899994,234.270004,224.699997,232.100006,129201800
TSLA,2024-07-30,232.250000,232.410004,220.000000,222.619995,100560300
TSLA,2024-07-31,227.899994,234.679993,226.789993,232.070007,67497000
TSLA,2024-08-01,227.690002,231.869995,214.330002,216.860001,83861900
TSLA,2024-08-02,214.880005,216.130005,205.779999,207.669998,82880100
TSLA,2024-08-05,185.220001,203.880005,182.000000,198.880005,100308800
TSLA,2024-08-06,200.750000,202.899994,192.669998,200.639999,73783900
TSLA,2024-08-07,200.770004,203.490005,191.479996,191.759995,71159800
TSLA,2024-08-08,195.699997,200.699997,192.039993,198.839996,65033900
TSLA,2024-08-09,197.050003,200.880005,195.110001,200.000000,58648300
TSLA,2024-08-12,199.020004,199.259995,194.669998,197.490005,64044900
TSLA,2024-08-13,198.470001,208.490005,197.059998,207.830002,76247400
TSLA,2024-08-14,207.389999,208.440002,198.750000,201.380005,70250000
TSLA,2024-08-15,205.020004,215.880005,204.820007,214.139999,89848500
TSLA,2024-08-16,211.149994,219.800003,210.800003,216.119995,88765100
TSLA,2024-08-19,217.070007,222.979996,214.089996,222.720001,76435200
TSLA,2024-08-20,224.880005,228.220001,219.559998,221.100006,74001200
TSLA,2024-08-21,222.669998,224.660004,218.860001,223.270004,70146000
TSLA,2024-08-22,223.820007,224.800003,210.320007,210.660004,79514500
TSLA,2024-08-23,214.460007,221.479996,214.210007,220.320007,81525200
TSLA,2024-08-26,218.750000,219.089996,211.009995,213.210007,59301200
TSLA,2024-08-27,213.250000,215.660004,206.940002,209.210007,62821400
TSLA,2024-08-28,209.720001,211.839996,202.589996,205.750000,64116400
TSLA,2024-08-29,209.800003,214.889999,205.970001,206.279999,62308800
TSLA,2024-08-30,208.630005,214.570007,207.029999,214.110001,63370600
TSLA,2024-09-03,215.259995,219.899994,209.639999,210.600006,76714200
TSLA,2024-09-04,210.589996,222.220001,210.570007,219.410004,80651800
TSLA,2024-09-05,223.490005,235.000000,222.250000,230.169998,119355000
TSLA,2024-09-06,232.600006,233.600006,210.509995,210.729996,112177000
TSLA,2024-09-09,216.199997,219.869995,213.669998,216.270004,67443500
TSLA,2024-09-10,220.070007,226.399994,218.639999,226.169998,78891100
TSLA,2024-09-11,224.550003,228.470001,216.800003,228.130005,83548600
TSLA,2024-09-12,224.660004,231.449997,223.830002,229.809998,71894900
TSLA,2024-09-13,228.000000,232.669998,226.320007,230.289993,59515100
TSLA,2024-09-16,229.300003,229.960007,223.529999,226.779999,54323000
TSLA,2024-09-17,229.449997,234.570007,226.550003,227.869995,66761600
TSLA,2024-09-18,230.089996,235.679993,226.880005,227.199997,78010200
TSLA,2024-09-19,234.000000,244.240005,232.130005,243.919998,102694600
TSLA,2024-09-20,241.520004,243.990005,235.919998,238.250000,99879100
TSLA,2024-09-23,242.610001,250.000000,241.919998,250.000000,86927200
TSLA,2024-09-24,254.080002,257.190002,249.050003,254.270004,88491000
TSLA,2024-09-25,252.539993,257.049988,252.279999,257.019989,65034300
TSLA,2024-09-26,260.600006,261.750000,251.529999,254.220001,67142200
TSLA,2024-09-27,257.380005,260.700012,254.119995,260.459991,70988100
TSLA,2024-09-30,259.040009,264.859985,255.770004,261.630005,80705700
TSLA,2024-10-01,262.670013,263.980011,248.529999,258.019989,87397600
TSLA,2024-10-02,247.550003,251.160004,241.500000,249.020004,93983900
TSLA,2024-10-03,244.479996,249.789993,237.809998,240.660004,80729200
TSLA,2024-10-04,246.690002,250.960007,244.580002,250.080002,86573200
TSLA,2024-10-07,249.000000,249.830002,240.699997,240.830002,68113300
TSLA,2024-10-08,243.559998,246.210007,240.559998,244.500000,56303200
TSLA,2024-10-09,243.820007,247.429993,239.509995,241.050003,66289500
TSLA,2024-10-10,241.809998,242.789993,232.339996,238.770004,83087100
TSLA,2024-10-11,220.130005,223.339996,214.380005,217.800003,142628900
TSLA,2024-10-14,220.130005,221.910004,213.740005,219.160004,86291900
TSLA,2024-10-15,220.009995,224.259995,217.119995,219.570007,62988800
TSLA,2024-10-16,221.399994,222.820007,218.929993,221.330002,49632800
TSLA,2024-10-17,221.589996,222.080002,217.899994,220.889999,50791800
TSLA,2024-10-18,220.710007,222.279999,219.229996,220.699997,49611900
TSLA,2024-10-21,218.899994,220.479996,215.729996,218.850006,47329000
TSLA,2024-10-22,217.309998,218.220001,215.259995,217.970001,43268700
TSLA,2024-10-23,217.130005,218.720001,212.110001,213.649994,80938900
TSLA,2024-10-24,244.679993,262.119995,242.649994,260.480011,204491900
TSLA,2024-10-25,256.010010,269.489990,255.320007,269.190002,161611900
TSLA,2024-10-28,270.000000,273.540009,262.239990,262.510010,107653600
TSLA,2024-10-29,264.510010,264.980011,255.509995,259.519989,80521800
TSLA,2024-10-30,258.040009,263.350006,255.820007,257.549988,53993600
TSLA,2024-10-31,257.989990,259.750000,249.250000,249.850006,66575300
TSLA,2024-11-01,252.039993,254.000000,246.630005,248.979996,57544800
TSLA,2024-11-04,244.559998,248.899994,238.880005,242.839996,68802400
TSLA,2024-11-05,247.339996,255.279999,246.210007,251.440002,69282500
TSLA,2024-11-06,284.670013,289.589996,275.619995,288.529999,165228700
TSLA,2024-11-07,288.890015,299.750000,285.519989,296.910004,117309200
TSLA,2024-11-08,299.140015,328.709991,297.660004,321.220001,204782800
TSLA,2024-11-11,346.299988,358.640015,336.000000,350.000000,210521600
TSLA,2024-11-12,342.739990,345.839996,323.309998,328.489990,155726000
TSLA,2024-11-13,335.850006,344.600006,322.500000,330.239990,125405600
TSLA,2024-11-14,327.690002,329.980011,310.369995,311.179993,120726100
TSLA,2024-11-15,310.570007,324.679993,309.220001,320.720001,114440300
TSLA,2024-11-18,340.730011,348.549988,330.010010,338.739990,126085600
TSLA,2024-11-19,335.760010,347.380005,332.750000,346.000000,88852500
TSLA,2024-11-20,345.000000,346.600006,334.299988,342.029999,66340700
TSLA,2024-11-21,343.809998,347.989990,335.279999,339.640015,58011700
TSLA,2024-11-22,341.089996,361.529999,337.700012,352.559998,89140700
TSLA,2024-11-25,360.140015,361.929993,338.200012,338.589996,95890900
TSLA,2024-11-26,341.000000,346.959991,335.660004,338.230011,62295900
TSLA,2024-11-27,341.799988,342.549988,326.589996,332.890015,57896400
TSLA,2024-11-29,336.079987,345.450012,334.649994,345.160004,37167600
TSLA,2024-12-02,352.380005,360.000000,351.149994,357.089996,77986500
TSLA,2024-12-03,351.799988,355.690002,348.200012,351.420013,58267200
TSLA,2024-12-04,353.000000,358.100006,348.600006,357.929993,50810900
TSLA,2024-12-05,359.869995,375.429993,359.500000,369.489990,81403600
TSLA,2024-12-06,377.420013,389.489990,370.799988,389.220001,81455800
TSLA,2024-12-09,397.609985,404.799988,378.010010,389.790009,96359200
TSLA,2024-12-10,392.679993,409.730011,390.850006,400.989990,97563600
TSLA,2024-12-11,409.700012,424.880005,402.380005,424.769989,104287600
TSLA,2024-12-12,424.839996,429.299988,415.000000,418.100006,87752200
TSLA,2024-12-13,420.000000,436.299988,415.709991,436.230011,89000200
TSLA,2024-12-16,441.089996,463.190002,436.149994,463.019989,114083800
TSLA,2024-12-17,475.899994,483.989990,457.510010,479.859985,131223000
TSLA,2024-12-18,466.500000,488.540009,427.010010,440.130005,149340800
TSLA,2024-12-19,451.880005,456.359985,420.019989,436.170013,118566100
TSLA,2024-12-20,425.510010,447.079987,417.640015,421.059998,132216200
TSLA,2024-12-23,431.000000,434.510010,415.410004,430.600006,72698100
TSLA,2024-12-24,435.899994,462.779999,435.140015,462.279999,59551800
TSLA,2024-12-26,465.160004,465.329987,451.019989,454.130005,76366400
TSLA,2024-12-27,449.519989,450.000000,426.500000,431.660004,82666800
TSLA,2024-12-30,419.399994,427.000000,415.750000,417.410004,64941000
TSLA,2024-12-31,423.790009,427.929993,402.540009,403.839996,76825100
TSLA,2025-01-02,390.100006,392.730011,373.040009,379.279999,109710700
TSLA,2025-01-03,381.480011,411.880005,379.450012,410.440002,95423300
TSLA,2025-01-06,423.200012,426.429993,401.700012,411.049988,85516500
TSLA,2025-01-07,405.829987,414.329987,390.000000,394.359985,75699500
TSLA,2025-01-08,392.950012,402.500000,387.399994,394.940002,73038800
TSLA,2025-01-10,391.399994,399.279999,377.290009,394.739990,62287300
TSLA,2025-01-13,383.209991,403.790009,380.070007,403.309998,67580500
TSLA,2025-01-14,414.339996,422.640015,394.540009,396.359985,84565000
TSLA,2025-01-15,409.899994,429.799988,405.660004,428.220001,81375500
TSLA,2025-01-16,423.489990,424.000000,409.130005,413.820007,68335200
TSLA,2025-01-17,421.500000,439.739990,419.750000,426.500000,94991400
TSLA,2025-01-21,432.640015,433.200012,406.309998,424.070007,87320900
TSLA,2025-01-22,416.809998,428.000000,414.589996,415.109985,60963300
TSLA,2025-01-23,416.059998,420.730011,408.950012,412.380005,50690600
TSLA,2025-01-24,414.450012,418.880005,405.779999,406.579987,56427100
TSLA,2025-01-27,394.799988,406.690002,389.000000,397.149994,58125500
TSLA,2025-01-28,396.910004,400.589996,386.500000,398.089996,48910700
TSLA,2025-01-29,395.209991,398.589996,384.480011,389.100006,68033600
TSLA,2025-01-30,410.779999,412.500000,384.410004,400.279999,98092900
TSLA,2025-01-31,401.529999,419.989990,401.339996,404.600006,83283600
TSLA,2025-02-03,386.679993,389.170013,374.359985,383.679993,93732100
TSLA,2025-02-04,382.630005,394.000000,381.399994,392.209991,57072200
TSLA,2025-02-05,387.510010,388.390015,375.529999,378.170013,57223300
TSLA,2025-02-06,373.029999,375.399994,363.179993,374.320007,77918200
TSLA,2025-02-07,370.190002,380.549988,360.339996,361.619995,70298300
TSLA,2025-02-10,356.209991,362.700012,350.510010,350.730011,77514900
TSLA,2025-02-11,345.799988,349.369995,325.100006,328.500000,118543400
TSLA,2025-02-12,329.940002,346.399994,329.119995,336.510010,105382700
TSLA,2025-02-13,345.000000,358.690002,342.850006,355.940002,89441500
TSLA,2025-02-14,360.619995,362.000000,347.500000,355.839996,68277300
TSLA,2025-02-18,355.010010,359.100006,350.019989,354.109985,51631700
TSLA,2025-02-19,354.000000,367.339996,353.670013,360.559998,67094400
TSLA,2025-02-20,361.510010,362.299988,348.000000,354.399994,45965400
TSLA,2025-02-21,353.440002,354.980011,334.420013,337.799988,74058600
TSLA,2025-02-24,338.140015,342.399994,324.700012,330.529999,76052300
TSLA,2025-02-25,327.019989,328.890015,297.250000,302.799988,134228800
TSLA,2025-02-26,303.709991,309.000000,288.040009,290.799988,100118300
TSLA,2025-02-27,291.160004,297.230011,280.880005,281.950012,101748200
TSLA,2025-02-28,279.500000,293.880005,273.600006,292.980011,115697000
TSLA,2025-03-03,300.339996,303.940002,277.299988,284.649994,115551400
TSLA,2025-03-04,270.929993,284.350006,261.839996,272.040009,126706600
TSLA,2025-03-05,272.920013,279.549988,267.709991,279.100006,94042900
TSLA,2025-03-06,272.059998,272.649994,260.019989,263.450012,98451600
TSLA,2025-03-07,259.320007,266.250000,250.729996,262.670013,102369600
TSLA,2025-03-10,252.539993,253.369995,220.000000,222.149994,189076900
TSLA,2025-03-11,225.309998,237.059998,217.020004,230.580002,174896400
TSLA,2025-03-12,247.220001,251.839996,241.100006,248.089996,142215700
TSLA,2025-03-13,248.130005,248.289993,232.600006,240.679993,114813500
TSLA,2025-03-14,247.309998,251.580002,240.729996,249.979996,100242300
TSLA,2025-03-17,245.059998,245.399994,232.800003,238.009995,111900600
TSLA,2025-03-18,228.160004,230.100006,222.279999,225.309998,111477600
TSLA,2025-03-19,231.610001,241.410004,229.199997,235.860001,111993800
TSLA,2025-03-20,233.350006,238.000000,230.050003,236.259995,99028300
TSLA,2025-03-21,234.990005,249.520004,234.550003,248.710007,132728700
TSLA,2025-03-24,258.079987,278.640015,256.329987,278.390015,169079900
TSLA,2025-03-25,283.600006,288.200012,271.279999,288.140015,150361500
TSLA,2025-03-26,282.660004,284.899994,266.510010,272.059998,153629800
TSLA,2025-03-27,272.480011,291.850006,271.820007,273.130005,162572100
TSLA,2025-03-28,275.579987,276.100006,260.570007,263.549988,123809400
TSLA,2025-03-31,249.309998,260.559998,243.360001,259.160004,134008900
TSLA,2025-04-01,263.799988,277.450012,259.250000,268.459991,146486900
TSLA,2025-04-02,254.600006,284.989990,251.270004,282.760010,212787800
TSLA,2025-04-03,265.290009,276.299988,261.510010,267.279999,136174300
TSLA,2025-04-04,255.380005,261.000000,236.000000,239.429993,181229400
TSLA,2025-04-07,223.779999,252.000000,214.250000,233.289993,183453800
TSLA,2025-04-08,245.000000,250.440002,217.800003,221.860001,171603500
TSLA,2025-04-09,224.690002,274.690002,223.880005,272.200012,219433400
TSLA,2025-04-10,260.000000,262.489990,239.330002,252.399994,181722600
TSLA,2025-04-11,251.839996,257.739990,241.360001,252.309998,128948100
TSLA,2025-04-14,258.359985,261.799988,245.929993,252.350006,100135200
TSLA,2025-04-15,249.910004,258.750000,247.539993,254.110001,79594300
TSLA,2025-04-16,247.610001,251.970001,233.889999,241.550003,112378700
TSLA,2025-04-17,243.470001,244.339996,237.679993,241.369995,83404800
TSLA,2025-04-21,230.259995,232.210007,222.789993,227.500000,97768000
TSLA,2025-04-22,230.960007,242.789993,229.850006,237.970001,120858500
TSLA,2025-04-23,254.860001,259.450012,244.429993,250.740005,150381900
TSLA,2025-04-24,250.500000,259.540009,249.199997,259.510010,94464200
TSLA,2025-04-25,261.690002,286.850006,259.630005,284.950012,167560700
TSLA,2025-04-28,288.980011,294.859985,272.420013,285.880005,151731800
TSLA,2025-04-29,285.500000,293.320007,279.470001,292.029999,108906600
TSLA,2025-04-30,279.899994,284.450012,270.779999,282.160004,128961100
TSLA,2025-05-01,280.010010,290.869995,279.809998,280.519989,99659000
TSLA,2025-05-02,284.899994,294.779999,279.809998,287.209991,114454700
TSLA,2025-05-05,284.570007,284.850006,274.399994,280.260010,94618900
TSLA,2025-05-06,273.109985,277.730011,271.350006,275.350006,76715800
TSLA,2025-05-07,276.880005,277.920013,271.000000,276.220001,71592600
TSLA,2025-05-08,279.630005,289.799988,279.410004,284.820007,97539400
TSLA,2025-05-09,290.209991,307.040009,290.000000,298.260010,132387800
TSLA,2025-05-12,321.989990,322.209991,311.500000,318.380005,112826700
TSLA,2025-05-13,320.000000,337.589996,316.799988,334.070007,136992600
TSLA,2025-05-14,342.500000,350.000000,337.000000,347.679993,136997300
TSLA,2025-05-15,340.339996,346.140015,334.720001,342.820007,97882600
TSLA,2025-05-16,346.239990,351.619995,342.329987,349.980011,95895700
TSLA,2025-05-19,336.299988,343.000000,333.369995,342.089996,88869900
TSLA,2025-05-20,347.869995,354.989990,341.630005,343.820007,131715500
TSLA,2025-05-21,344.429993,347.350006,332.200012,334.619995,102354800
TSLA,2025-05-22,331.899994,347.269989,331.390015,341.040009,97113400
TSLA,2025-05-23,337.920013,343.179993,333.209991,339.339996,84654800
TSLA,2025-05-27,347.350006,363.790009,347.320007,362.890015,120146400
TSLA,2025-05-28,364.839996,365.000000,355.910004,356.899994,91404300
TSLA,2025-05-29,365.290009,367.709991,356.000000,358.429993,88087800
TSLA,2025-05-30,355.519989,363.679993,345.290009,346.459991,123474900
TSLA,2025-06-02,343.500000,348.019989,333.329987,342.690002,81873800
TSLA,2025-06-03,346.600006,355.399994,343.040009,344.269989,99324500
TSLA,2025-06-04,345.100006,345.600006,327.329987,332.049988,98912100
TSLA,2025-06-05,322.489990,324.549988,273.209991,284.700012,287499800
TSLA,2025-06-06,298.829987,305.500000,291.140015,295.140015,164747700
TSLA,2025-06-09,285.959991,309.829987,281.850006,308.579987,140908900
TSLA,2025-06-10,314.940002,327.829987,310.670013,326.089996,151256500
TSLA,2025-06-11,334.399994,335.500000,322.500000,326.429993,122611400
TSLA,2025-06-12,323.079987,332.559998,316.859985,319.109985,105127500
TSLA,2025-06-13,313.970001,332.989990,313.299988,325.309998,128964300
TSLA,2025-06-16,331.290009,332.049988,326.410004,329.130005,83925900
TSLA,2025-06-17,326.089996,327.260010,314.739990,316.350006,88282700
TSLA,2025-06-18,317.309998,329.320007,315.450012,322.049988,95137700
TSLA,2025-06-20,327.950012,332.359985,317.779999,322.160004,108688000
TSLA,2025-06-23,327.540009,357.540009,327.480011,348.679993,190716800
TSLA,2025-06-24,356.170013,356.260010,340.440002,340.470001,114736200
TSLA,2025-06-25,342.700012,343.000000,320.399994,327.549988,119845100
TSLA,2025-06-26,324.609985,331.049988,323.609985,325.779999,80440900
TSLA,2025-06-27,324.510010,329.339996,317.500000,323.630005,89067000
TSLA,2025-06-30,319.899994,325.579987,316.600006,317.660004,76695100
TSLA,2025-07-01,298.459991,305.890015,293.209991,300.709991,145085700
TSLA,2025-07-02,312.630005,316.829987,303.820007,315.649994,119483700
TSLA,2025-07-03,317.989990,318.450012,312.760010,315.350006,58042300
TSLA,2025-07-07,291.369995,296.149994,288.769989,293.940002,131177900
TSLA,2025-07-08,297.000000,304.049988,294.350006,297.809998,103246700
TSLA,2025-07-09,297.549988,300.149994,293.549988,295.880005,75586800
TSLA,2025-07-10,300.049988,310.480011,300.000000,309.869995,104365300
TSLA,2025-07-11,307.890015,314.089996,305.649994,313.510010,79236400
TSLA,2025-07-14,317.730011,322.600006,312.670013,316.899994,78043400
TSLA,2025-07-15,319.679993,321.200012,310.500000,310.779999,77556300
TSLA,2025-07-16,312.799988,323.500000,312.619995,321.670013,97284800
TSLA,2025-07-17,323.149994,324.339996,317.059998,319.410004,73922900
TSLA,2025-07-18,321.660004,330.899994,321.420013,329.649994,94255000
TSLA,2025-07-21,334.399994,338.000000,326.880005,328.489990,75768800
TSLA,2025-07-22,329.739990,335.410004,321.549988,332.109985,77370400
TSLA,2025-07-23,330.899994,336.200012,328.670013,332.559998,92553800
TSLA,2025-07-24,310.000000,310.149994,300.410004,305.299988,156966000
TSLA,2025-07-25,308.739990,323.630005,308.010010,316.059998,148227000
TSLA,2025-07-28,318.450012,330.489990,315.690002,325.589996,112673800
TSLA,2025-07-29,325.549988,326.250000,318.250000,321.200012,87358900
TSLA,2025-07-30,322.179993,324.450012,311.619995,319.040009,83931900
TSLA,2025-07-31,319.609985,321.369995,306.100006,308.269989,85270900
TSLA,2025-08-01,306.209991,309.309998,297.820007,302.630005,89121400
TSLA,2025-08-04,309.079987,312.119995,303.000000,309.260010,78683900
TSLA,2025-08-05,308.950012,312.450012,305.500000,308.720001,57961300
TSLA,2025-08-06,307.890015,320.470001,306.929993,319.910004,78523600
TSLA,2025-08-07,319.790009,322.399994,316.160004,322.269989,66658700
TSLA,2025-08-08,321.429993,335.149994,320.980011,329.649994,91200300
TSLA,2025-08-11,335.000000,346.640015,334.149994,339.029999,105320200
TSLA,2025-08-12,345.000000,345.260010,332.940002,340.839996,80522100
TSLA,2025-08-13,341.500000,348.980011,338.200012,339.380005,67838900
TSLA,2025-08-14,335.760010,340.470001,330.399994,335.579987,75000700
TSLA,2025-08-15,337.660004,339.299988,327.019989,330.559998,74319800
TSLA,2025-08-18,329.619995,336.269989,329.589996,335.160004,56956600
TSLA,2025-08-19,335.790009,340.549988,327.850006,329.309998,75956000
TSLA,2025-08-20,329.220001,331.369995,314.600006,323.899994,77481800
TSLA,2025-08-21,322.079987,324.899994,318.679993,320.109985,55744400
TSLA,2025-08-22,321.660004,340.250000,319.690002,340.010010,94016300
TSLA,2025-08-25,338.899994,349.529999,335.029999,346.600006,86670000
TSLA,2025-08-26,344.929993,351.899994,343.720001,351.670013,76651600
TSLA,2025-08-27,351.940002,355.390015,349.160004,349.600006,65519000
TSLA,2025-08-28,350.910004,353.549988,340.260010,345.980011,67903200
TSLA,2025-08-29,347.230011,348.750000,331.700012,333.869995,81145700
TSLA,2025-09-02,328.230011,333.329987,325.600006,329.359985,58392000
TSLA,2025-09-03,335.200012,343.329987,328.510010,334.089996,88733300
TSLA,2025-09-04,336.149994,338.890015,331.480011,338.529999,60711000
TSLA,2025-09-05,348.000000,355.869995,344.679993,350.839996,108989800
TSLA,2025-09-08,354.640015,358.440002,344.839996,346.399994,75208300
TSLA,2025-09-09,348.440002,350.769989,343.820007,346.970001,53816000
TSLA,2025-09-10,350.549988,356.329987,346.070007,347.790009,72121700
TSLA,2025-09-11,350.170013,368.989990,347.600006,368.809998,103756000
TSLA,2025-09-12,370.940002,396.690002,370.239990,395.940002,168156400
TSLA,2025-09-15,423.130005,425.700012,402.429993,410.040009,163823700
TSLA,2025-09-16,414.500000,423.250000,411.429993,421.619995,104285700
TSLA,2025-09-17,415.750000,428.309998,409.670013,425.859985,106133500
TSLA,2025-09-18,428.869995,432.220001,416.559998,416.850006,90454500
TSLA,2025-09-19,421.820007,429.470001,421.720001,426.070007,93131000
