sample_id,symbol,lineage_id,decision_date,direction,primary_pattern,internal_label,order_branch,entry_trigger,structural_stop,first_obstacle,target_price,max_hold_bars,gap_policy,label_source,daily_context_window,major_high_low_review,ema20_50_200_review,event_context,contract_frozen,daily_ema20_slope,daily_ema50_slope,h_l_ema_slope_gate,h_l_pullback_location,meta_confluence,meta_zone,meta_components
PA-HL-LARGE-COHR-L1-20220408,COHR,COHR-2022-04-bear-leg,2022-04-08,short,H1_L1,L1,stop_confirmation,65.04,68.72,61.23,61.23,10,skip,human_chart_review,>=2y,complete,complete,historical_event_filter_not_verified;exploratory_only,yes,down,down,short_pass,falling_EMA20;prior_resistance,present,61-66,falling_EMA20;prior_support;repeated_lows
PA-HL-LARGE-COHR-L2-20220414,COHR,COHR-2022-04-bear-leg,2022-04-14,short,H2_L2,L2,stop_confirmation,61.80,65.15,60.40,60.40,10,skip,human_chart_review,>=2y,complete,complete,historical_event_filter_not_verified;exploratory_only,yes,down,down,short_pass,falling_EMA20;prior_resistance,present,60-64,falling_EMA20;prior_support
PA-HL-LARGE-COHR-L1-20220614,COHR,COHR-2022-06-bear-leg,2022-06-14,short,H1_L1,L1,stop_confirmation,55.38,59.70,54.35,54.35,10,skip,human_chart_review,>=2y,complete,complete,historical_event_filter_not_verified;exploratory_only,yes,down,down,short_pass,falling_EMA20;prior_resistance,present,54-59,falling_EMA20;prior_support;prior_low
PA-HL-LARGE-COHR-L2-20220622,COHR,COHR-2022-06-bear-leg,2022-06-22,short,H2_L2,L2,stop_confirmation,51.17,54.19,50.00,50.00,10,skip,human_chart_review,>=2y,complete,complete,historical_event_filter_not_verified;exploratory_only,yes,down,down,short_pass,falling_EMA20;prior_resistance,absent,,
PA-HL-LARGE-COHR-H1-20220822,COHR,COHR-2022-08-recovery,2022-08-22,long,H1_L1,H1,stop_confirmation,55.56,52.20,57.07,57.07,10,skip,human_chart_review,>=2y,complete,complete,historical_event_filter_not_verified;exploratory_only,yes,up,up,long_pass,rising_EMA20;prior_support,present,52-56,rising_EMA20;prior_support;repeated_lows
PA-HL-LARGE-COHR-H1-20240610,COHR,COHR-2024-06-bull-leg,2024-06-10,long,H1_L1,H1,stop_confirmation,67.08,64.09,70.33,70.33,10,skip,human_chart_review,>=2y,complete,complete,historical_event_filter_not_verified;exploratory_only,yes,up,up,long_pass,rising_EMA20;prior_support,present,64-70,rising_EMA20;prior_support;gap_base
PA-HL-LARGE-COHR-H2-20240621,COHR,COHR-2024-06-bull-leg,2024-06-21,long,H2_L2,H2,stop_confirmation,71.94,68.26,75.25,75.25,10,skip,human_chart_review,>=2y,complete,complete,historical_event_filter_not_verified;exploratory_only,yes,up,up,long_pass,rising_EMA20;prior_support,present,68-75,rising_EMA20;prior_support;prior_high
PA-HL-LARGE-COHR-H1-20241016,COHR,COHR-2024-10-bull-leg,2024-10-16,long,H1_L1,H1,stop_confirmation,101.81,98.07,106.50,106.50,10,skip,human_chart_review,>=2y,complete,complete,historical_event_filter_not_verified;exploratory_only,yes,up,up,long_pass,rising_EMA20;prior_support,present,98-107,rising_EMA20;prior_resistance;repeated_highs
PA-HL-LARGE-COHR-L1-20250313,COHR,COHR-2025-03-bear-leg,2025-03-13,short,H1_L1,L1,stop_confirmation,60.39,69.95,52.14,52.14,10,skip,human_chart_review,>=2y,complete,complete,historical_event_filter_not_verified;exploratory_only,yes,down,down,short_pass,falling_EMA20;prior_resistance,present,52-60,falling_EMA20;prior_support;repeated_lows
PA-HL-LARGE-COHR-H1-20251016,COHR,COHR-2025-10-bull-leg,2025-10-16,long,H1_L1,H1,stop_confirmation,117.95,108.19,122.93,122.93,10,skip,human_chart_review,>=2y,complete,complete,historical_event_filter_not_verified;exploratory_only,yes,up,up,long_pass,rising_EMA20;prior_support,present,108-123,rising_EMA20;prior_resistance;repeated_highs
PA-HL-LARGE-RBLX-L1-20230508,RBLX,RBLX-2023-05-bear-leg,2023-05-08,short,H1_L1,L1,stop_confirmation,35.76,37.07,33.70,33.70,10,skip,human_chart_review,>=2y,complete,complete,historical_event_filter_not_verified;exploratory_only,yes,down,down,short_pass,falling_EMA20;prior_resistance,present,33-37,falling_EMA20;prior_support;repeated_lows
PA-HL-LARGE-RBLX-L1-20230811,RBLX,RBLX-2023-08-bear-leg,2023-08-11,short,H1_L1,L1,stop_confirmation,29.64,31.17,29.07,29.07,10,skip,human_chart_review,>=2y,complete,complete,historical_event_filter_not_verified;exploratory_only,yes,down,down,short_pass,falling_EMA20;prior_resistance,present,29-31,falling_EMA20;prior_support
PA-HL-LARGE-RBLX-L2-20230817,RBLX,RBLX-2023-08-bear-leg,2023-08-17,short,H2_L2,L2,stop_confirmation,27.75,30.60,26.23,26.23,10,skip,human_chart_review,>=2y,complete,complete,historical_event_filter_not_verified;exploratory_only,yes,down,down,short_pass,falling_EMA20;prior_resistance,present,26-30,falling_EMA20;prior_support;round_level
PA-HL-LARGE-RBLX-H1-20231019,RBLX,RBLX-2023-10-recovery,2023-10-19,long,H1_L1,H1,stop_confirmation,32.07,29.85,36.51,36.51,10,skip,human_chart_review,>=2y,complete,complete,historical_event_filter_not_verified;exploratory_only,yes,up,flat,fail_flat_or_opposite,rising_EMA20;prior_support,present,30-36,EMA20;prior_support
PA-HL-LARGE-RBLX-H1-20231219,RBLX,RBLX-2023-12-bull-leg,2023-12-19,long,H1_L1,H1,stop_confirmation,44.90,40.31,45.15,45.15,10,skip,human_chart_review,>=2y,complete,complete,historical_event_filter_not_verified;exploratory_only,yes,up,up,long_pass,rising_EMA20;prior_support,present,40-45,rising_EMA20;prior_support;prior_resistance
PA-HL-LARGE-RBLX-H1-20240617,RBLX,RBLX-2024-06-bull-leg,2024-06-17,long,H1_L1,H1,stop_confirmation,36.24,34.41,37.30,37.30,10,skip,human_chart_review,>=2y,complete,complete,historical_event_filter_not_verified;exploratory_only,yes,up,flat,fail_flat_or_opposite,rising_EMA20;prior_support,present,34-37,EMA20;prior_support;repeated_lows
PA-HL-LARGE-RBLX-H2-20240711,RBLX,RBLX-2024-07-bull-leg,2024-07-11,long,H2_L2,H2,stop_confirmation,39.89,37.35,39.99,39.99,10,skip,human_chart_review,>=2y,complete,complete,historical_event_filter_not_verified;exploratory_only,yes,up,up,long_pass,rising_EMA20;prior_support,present,37-40,rising_EMA20;prior_resistance;repeated_highs
PA-HL-LARGE-RBLX-L1-20241021,RBLX,RBLX-2024-10-bear-leg,2024-10-21,short,H1_L1,L1,stop_confirmation,39.46,41.75,38.43,38.43,10,skip,human_chart_review,>=2y,complete,complete,historical_event_filter_not_verified;exploratory_only,yes,down,down,short_pass,falling_EMA20;prior_resistance,present,38-41,falling_EMA20;prior_support;prior_resistance
PA-HL-LARGE-RBLX-H1-20250415,RBLX,RBLX-2025-04-recovery,2025-04-15,long,H1_L1,H1,stop_confirmation,59.90,50.10,60.63,60.63,10,skip,human_chart_review,>=2y,complete,complete,historical_event_filter_not_verified;exploratory_only,yes,down,down,fail_flat_or_opposite,rising_EMA20;prior_support,present,50-60,prior_support;EMA20
PA-HL-LARGE-RBLX-H1-20250512,RBLX,RBLX-2025-05-bull-leg,2025-05-12,long,H1_L1,H1,stop_confirmation,74.60,68.55,75.74,75.74,10,skip,human_chart_review,>=2y,complete,complete,historical_event_filter_not_verified;exploratory_only,yes,up,up,long_pass,rising_EMA20;prior_support,present,68-76,rising_EMA20;prior_resistance;repeated_highs
PA-HL-LARGE-RBLX-L1-20251113,RBLX,RBLX-2025-11-bear-leg,2025-11-13,short,H1_L1,L1,stop_confirmation,99.40,108.29,91.65,91.65,10,skip,human_chart_review,>=2y,complete,complete,historical_event_filter_not_verified;exploratory_only,yes,down,down,short_pass,falling_EMA20;prior_resistance,present,91-108,falling_EMA20;prior_support;lower_high
PA-HL-LARGE-RBLX-L2-20251120,RBLX,RBLX-2025-11-bear-leg,2025-11-20,short,H2_L2,L2,stop_confirmation,91.33,104.21,80.13,80.13,10,skip,human_chart_review,>=2y,complete,complete,historical_event_filter_not_verified;exploratory_only,yes,down,down,short_pass,falling_EMA20;prior_resistance,present,80-104,falling_EMA20;prior_support;repeated_lows
PA-HL-LARGE-RBLX-L1-20260108,RBLX,RBLX-2026-01-bear-leg,2026-01-08,short,H1_L1,L1,stop_confirmation,71.78,82.38,68.55,68.55,10,skip,human_chart_review,>=2y,complete,complete,historical_event_filter_not_verified;exploratory_only,yes,down,down,short_pass,falling_EMA20;prior_resistance,absent,,
PA-HL-LARGE-RBLX-L2-20260212,RBLX,RBLX-2026-02-bear-leg,2026-02-12,short,H2_L2,L2,stop_confirmation,61.60,76.58,60.07,60.07,10,skip,human_chart_review,>=2y,complete,complete,historical_event_filter_not_verified;exploratory_only,yes,down,down,short_pass,falling_EMA20;prior_resistance,present,60-76,falling_EMA20;prior_support;repeated_lows
PA-HL-LARGE-MAR-H1-20220815,MAR,MAR-2022-08-bull-leg,2022-08-15,long,H1_L1,H1,stop_confirmation,164.40,156.67,167.30,167.30,10,skip,human_chart_review,>=2y,complete,complete,historical_event_filter_not_verified;exploratory_only,yes,up,up,long_pass,rising_EMA20;prior_support,present,156-167,rising_EMA20;prior_support;prior_resistance
PA-HL-LARGE-MAR-H1-20230111,MAR,MAR-2023-01-recovery,2023-01-11,long,H1_L1,H1,stop_confirmation,158.58,147.96,162.22,162.22,10,skip,human_chart_review,>=2y,complete,complete,historical_event_filter_not_verified;exploratory_only,yes,up,down,fail_flat_or_opposite,rising_EMA20;prior_support,present,148-162,EMA20;prior_support
PA-HL-LARGE-MAR-H2-20230118,MAR,MAR-2023-01-recovery,2023-01-18,long,H2_L2,H2,stop_confirmation,163.75,151.50,163.84,163.84,10,skip,human_chart_review,>=2y,complete,complete,historical_event_filter_not_verified;exploratory_only,yes,up,up,long_pass,rising_EMA20;prior_support,present,151-164,rising_EMA20;prior_resistance;repeated_highs
PA-HL-LARGE-MAR-H1-20230417,MAR,MAR-2023-04-bull-leg,2023-04-17,long,H1_L1,H1,stop_confirmation,170.09,161.01,172.87,172.87,10,skip,human_chart_review,>=2y,complete,complete,historical_event_filter_not_verified;exploratory_only,yes,up,up,long_pass,rising_EMA20;prior_support,present,161-173,rising_EMA20;prior_support;prior_resistance
PA-HL-LARGE-MAR-H1-20230606,MAR,MAR-2023-06-bull-leg,2023-06-06,long,H1_L1,H1,stop_confirmation,181.46,174.41,181.55,181.55,10,skip,human_chart_review,>=2y,complete,complete,historical_event_filter_not_verified;exploratory_only,yes,up,up,long_pass,rising_EMA20;prior_support,absent,,
PA-HL-LARGE-MAR-H2-20230815,MAR,MAR-2023-08-bull-leg,2023-08-15,long,H2_L2,H2,stop_confirmation,207.98,202.95,210.98,210.98,10,skip,human_chart_review,>=2y,complete,complete,historical_event_filter_not_verified;exploratory_only,yes,up,up,long_pass,rising_EMA20;prior_support,present,203-211,rising_EMA20;prior_resistance;repeated_highs
PA-HL-LARGE-MAR-H1-20231221,MAR,MAR-2023-12-bull-leg,2023-12-21,long,H1_L1,H1,stop_confirmation,222.24,216.34,224.22,224.22,10,skip,human_chart_review,>=2y,complete,complete,historical_event_filter_not_verified;exploratory_only,yes,up,up,long_pass,rising_EMA20;prior_support,present,216-224,rising_EMA20;prior_resistance;repeated_highs
PA-HL-LARGE-MAR-H2-20240206,MAR,MAR-2024-02-bull-leg,2024-02-06,long,H2_L2,H2,stop_confirmation,245.75,238.72,246.75,246.75,10,skip,human_chart_review,>=2y,complete,complete,historical_event_filter_not_verified;exploratory_only,yes,up,up,long_pass,rising_EMA20;prior_support,present,239-247,rising_EMA20;prior_resistance;repeated_highs
PA-HL-LARGE-MAR-L1-20240502,MAR,MAR-2024-05-bear-leg,2024-05-02,short,H1_L1,L1,stop_confirmation,232.63,244.24,232.01,232.01,10,skip,human_chart_review,>=2y,complete,complete,historical_event_filter_not_verified;exploratory_only,yes,down,down,short_pass,falling_EMA20;prior_resistance,present,232-244,falling_EMA20;prior_support;repeated_lows
PA-HL-LARGE-MAR-L1-20240730,MAR,MAR-2024-07-bear-leg,2024-07-30,short,H1_L1,L1,stop_confirmation,238.05,245.60,237.16,237.16,10,skip,human_chart_review,>=2y,complete,complete,historical_event_filter_not_verified;exploratory_only,yes,down,down,short_pass,falling_EMA20;prior_resistance,present,237-245,falling_EMA20;prior_support;repeated_lows
PA-HL-LARGE-MAR-H1-20241023,MAR,MAR-2024-10-bull-leg,2024-10-23,long,H1_L1,H1,stop_confirmation,263.00,255.48,264.14,264.14,10,skip,human_chart_review,>=2y,complete,complete,historical_event_filter_not_verified;exploratory_only,yes,up,up,long_pass,rising_EMA20;prior_support,absent,,
PA-HL-LARGE-MAR-L1-20250417,MAR,MAR-2025-04-bear-leg,2025-04-17,short,H1_L1,L1,stop_confirmation,218.46,230.22,213.27,213.27,10,skip,human_chart_review,>=2y,complete,complete,historical_event_filter_not_verified;exploratory_only,yes,down,down,short_pass,falling_EMA20;prior_resistance,present,213-230,falling_EMA20;prior_support;lower_high
PA-HL-LARGE-MAR-L1-20260313,MAR,MAR-2026-03-bear-leg,2026-03-13,short,H1_L1,L1,stop_confirmation,313.46,331.71,311.20,311.20,10,skip,human_chart_review,>=2y,complete,complete,historical_event_filter_not_verified;exploratory_only,yes,down,down,short_pass,falling_EMA20;prior_resistance,present,311-332,falling_EMA20;prior_support;repeated_lows
